날짜,요일,주차,주문수,매출,자사몰,오픈마켓,소셜커머스,라이브방송
2026-01-05,월,1,10,329900,244800,68200,16900,0
2026-01-06,화,1,10,337800,198500,139300,0,0
2026-01-07,수,1,6,162700,39400,123300,0,0
2026-01-08,목,1,10,275700,166600,83800,25300,0
2026-01-09,금,1,9,287900,225900,21300,40700,0
2026-01-10,토,1,12,381500,228200,147100,6200,0
2026-01-11,일,1,12,384300,238600,111500,34200,0
2026-01-12,월,2,12,391100,121900,181600,87600,0
2026-01-13,화,2,10,413900,137600,190600,85700,0
2026-01-14,수,2,8,269400,84200,168400,16800,0
2026-01-15,목,2,7,176600,119900,56700,0,0
2026-01-16,금,2,10,315600,234500,39600,41500,0
2026-01-17,토,2,13,487200,416200,71000,0,0
2026-01-18,일,2,11,364900,163700,87500,113700,0
2026-01-19,월,3,13,523900,405400,78300,40200,0
2026-01-20,화,3,9,287500,104500,87200,95800,0
2026-01-21,수,3,12,293000,116000,62300,114700,0
2026-01-22,목,3,11,355600,87600,148800,119200,0
2026-01-23,금,3,7,229600,103100,104100,22400,0
2026-01-24,토,3,12,351800,265200,86600,0,0
2026-01-25,일,3,12,519600,306900,183000,29700,0
2026-01-26,월,4,11,460100,242400,192300,25400,0
2026-01-27,화,4,12,355400,247800,107600,0,0
2026-01-28,수,4,10,392200,228500,54300,109400,0
2026-01-29,목,4,9,249900,163800,44200,41900,0
2026-01-30,금,4,10,307300,154600,111200,41500,0
2026-01-31,토,4,10,241200,78000,163200,0,0
2026-02-01,일,4,14,356300,250200,26900,79200,0
2026-02-02,월,5,8,233500,145100,44400,44000,0
2026-02-03,화,5,10,287000,258400,19700,8900,0
2026-02-04,수,5,9,248800,78400,51200,119200,0
2026-02-05,목,5,9,133400,61200,61200,11000,0
2026-02-06,금,5,12,472000,339000,73400,59600,0
2026-02-07,토,5,12,277900,111900,99100,66900,0
2026-02-08,일,5,15,563400,338400,184900,40100,0
2026-02-09,월,6,11,273300,165900,62700,44700,0
2026-02-10,화,6,6,234300,227600,0,6700,0
2026-02-11,수,6,24,515400,72000,46200,103900,293300
2026-02-12,목,6,13,285300,179900,74100,31300,0
2026-02-13,금,6,8,187700,15400,91800,80500,0
2026-02-14,토,6,5,295800,209800,65700,20300,0
2026-02-15,일,6,9,230700,162500,57200,11000,0
2026-02-16,월,7,3,155300,88100,0,67200,0
2026-02-17,화,7,4,95800,79700,16100,0,0
2026-02-18,수,7,4,95900,17000,72700,6200,0
2026-02-19,목,7,10,410100,127700,282400,0,0
2026-02-20,금,7,12,286300,35300,214700,36300,0
2026-02-21,토,7,14,449500,338500,98300,12700,0
2026-02-22,일,7,17,503000,356300,85800,60900,0
2026-02-23,월,8,12,514800,229600,285200,0,0
2026-02-24,화,8,7,241800,196200,45600,0,0
2026-02-25,수,8,12,348900,182700,148400,17800,0
2026-02-26,목,8,11,323700,194800,87000,41900,0
2026-02-27,금,8,11,462100,326500,90800,44800,0
2026-02-28,토,8,15,579700,300500,252300,26900,0
2026-03-01,일,8,13,317200,208400,85000,23800,0
2026-03-02,월,9,11,361300,161500,88500,111300,0
2026-03-03,화,9,12,432500,189700,179500,63300,0
2026-03-04,수,9,31,848500,365200,37900,0,445400
2026-03-05,목,9,12,297700,193600,35800,68300,0
2026-03-06,금,9,9,276300,165200,72600,38500,0
2026-03-07,토,9,15,594000,265100,265400,63500,0
2026-03-08,일,9,14,328400,121800,170500,36100,0
2026-03-09,월,10,12,264500,58300,153100,53100,0
2026-03-10,화,10,17,414500,276000,70500,68000,0
2026-03-11,수,10,11,284000,191900,28400,63700,0
2026-03-12,목,10,13,374700,217800,102400,54500,0
2026-03-13,금,10,13,357000,130200,131000,95800,0
2026-03-14,토,10,17,480500,195800,232800,51900,0
2026-03-15,일,10,15,407400,202700,176900,27800,0
2026-03-16,월,11,9,220600,125000,21200,74400,0
2026-03-17,화,11,13,413700,149700,247000,17000,0
2026-03-18,수,11,15,400200,276900,58300,65000,0
2026-03-19,목,11,14,496400,259400,177300,59700,0
2026-03-20,금,11,13,434700,288900,145800,0,0
2026-03-21,토,11,20,542800,342100,146200,54500,0
2026-03-22,일,11,15,572300,342000,165000,65300,0
2026-03-23,월,12,15,509500,298600,210900,0,0
2026-03-24,화,12,13,346700,149100,55100,142500,0
2026-03-25,수,12,61,1515400,254900,180700,22900,1056900
2026-03-26,목,12,15,425900,205400,116500,104000,0
2026-03-27,금,12,12,243100,172300,70800,0,0
2026-03-28,토,12,15,466700,239800,205700,21200,0
2026-03-29,일,12,17,443300,221600,221700,0,0
