상품코드,상품명,카테고리,판매가,원가,현재재고,안전재고
K-101,스테인리스 텀블러 500ml,주방,18900,8200,0,30
K-102,실리콘 조리도구 5종 세트,주방,24900,11000,122,30
K-103,밀폐 유리 반찬통 4p,주방,21900,10400,18,30
K-104,규조토 컵받침 4p,주방,9900,3600,175,15
K-105,접이식 식기 건조대,주방,32900,15800,162,15
B-201,규조토 발매트,욕실,19900,8900,154,30
B-202,대나무 칫솔 4p,욕실,7900,2700,113,30
B-203,샤워기 필터 헤드,욕실,27900,12500,183,15
B-204,무타공 욕실 선반,욕실,23900,10900,227,15
S-301,리빙박스 60L 3p,수납,29900,14900,156,30
S-302,옷걸이 논슬립 30p,수납,12900,5100,223,30
S-303,서랍 칸막이 정리함 6p,수납,14900,6200,202,30
S-304,틈새 이동식 수납장,수납,39900,20100,9,15
L-401,극세사 러그 100x150,리빙,34900,17300,108,15
L-402,암막 커튼 2장,리빙,42900,21500,182,15
L-403,무선 LED 무드등,리빙,16900,7300,232,30
L-404,아로마 디퓨저 200ml,리빙,15900,5900,22,30
D-501,모니터 받침대,데스크,26900,12900,216,15
D-502,케이블 정리 클립 10p,데스크,6900,2100,83,30
D-503,데스크 매트 80x40,데스크,17900,7600,229,15
