주차,시작일,종료일,주문수,매출,객단가,신규고객주문,재구매주문,광고비
1,2026-01-05,2026-01-11,69,2159800,31301,41,28,904000
2,2026-01-12,2026-01-18,71,2418700,34066,42,29,920000
3,2026-01-19,2026-01-25,76,2561000,33697,38,38,1007000
4,2026-01-26,2026-02-01,76,2362400,31084,43,33,1053000
5,2026-02-02,2026-02-08,75,2216000,29546,43,32,1052000
6,2026-02-09,2026-02-15,76,2022500,26611,48,28,1448000
7,2026-02-16,2026-02-22,64,1995900,31185,39,25,1162000
8,2026-02-23,2026-03-01,81,2788200,34422,41,40,1095000
9,2026-03-02,2026-03-08,104,3138700,30179,57,47,1535000
10,2026-03-09,2026-03-15,98,2582600,26353,62,36,1186000
11,2026-03-16,2026-03-22,99,3080700,31118,53,46,1209000
12,2026-03-23,2026-03-29,148,3950600,26693,82,66,1743000
