주문일,주문번호,채널,상품코드,상품명,카테고리,수량,판매가,할인금액,결제금액,배송지역,고객구분
2026-01-05,H26001,자사몰,K-103,밀폐 유리 반찬통 4p,주방,1,21900,0,21900,기타,재구매
2026-01-05,H26002,자사몰,B-201,규조토 발매트,욕실,2,19900,4000,35800,경기,재구매
2026-01-05,H26003,오픈마켓,S-302,옷걸이 논슬립 30p,수납,1,12900,600,12300,경기,신규
2026-01-05,H26004,자사몰,B-203,샤워기 필터 헤드,욕실,1,27900,1400,26500,광주,신규
2026-01-05,H26005,자사몰,L-402,암막 커튼 2장,리빙,1,42900,0,42900,경기,재구매
2026-01-05,H26006,자사몰,B-204,무타공 욕실 선반,욕실,1,23900,0,23900,서울,신규
2026-01-05,H26007,소셜커머스,B-201,규조토 발매트,욕실,1,19900,3000,16900,서울,신규
2026-01-05,H26008,오픈마켓,D-503,데스크 매트 80x40,데스크,2,17900,3600,32200,인천,신규
2026-01-05,H26009,자사몰,K-105,접이식 식기 건조대,주방,3,32900,4900,93800,인천,재구매
2026-01-05,H26010,오픈마켓,K-102,실리콘 조리도구 5종 세트,주방,1,24900,1200,23700,경기,재구매
2026-01-06,H26011,자사몰,L-403,무선 LED 무드등,리빙,2,16900,3400,30400,경기,신규
2026-01-06,H26012,자사몰,S-302,옷걸이 논슬립 30p,수납,2,12900,1300,24500,서울,재구매
2026-01-06,H26013,오픈마켓,B-203,샤워기 필터 헤드,욕실,3,27900,4200,79500,경기,신규
2026-01-06,H26014,자사몰,K-102,실리콘 조리도구 5종 세트,주방,1,24900,2500,22400,서울,재구매
2026-01-06,H26015,자사몰,L-401,극세사 러그 100x150,리빙,1,34900,0,34900,서울,신규
2026-01-06,H26016,자사몰,K-101,스테인리스 텀블러 500ml,주방,1,18900,0,18900,경기,신규
2026-01-06,H26017,오픈마켓,S-301,리빙박스 60L 3p,수납,2,29900,0,59800,대전,재구매
2026-01-06,H26018,자사몰,B-204,무타공 욕실 선반,욕실,1,23900,1200,22700,광주,신규
2026-01-06,H26019,자사몰,S-302,옷걸이 논슬립 30p,수납,2,12900,0,25800,경기,신규
2026-01-06,H26020,자사몰,B-201,규조토 발매트,욕실,1,19900,1000,18900,경기,신규
2026-01-07,H26021,오픈마켓,B-204,무타공 욕실 선반,욕실,2,23900,4800,43000,대구,신규
2026-01-07,H26022,오픈마켓,K-102,실리콘 조리도구 5종 세트,주방,1,24900,0,24900,경기,신규
2026-01-07,H26023,오픈마켓,D-502,케이블 정리 클립 10p,데스크,2,6900,0,13800,서울,신규
2026-01-07,H26024,자사몰,K-103,밀폐 유리 반찬통 4p,주방,2,21900,4400,39400,서울,재구매
2026-01-07,H26025,오픈마켓,D-503,데스크 매트 80x40,데스크,1,17900,0,17900,광주,신규
2026-01-07,H26026,오픈마켓,K-102,실리콘 조리도구 5종 세트,주방,1,24900,1200,23700,부산,신규
2026-01-08,H26027,소셜커머스,S-303,서랍 칸막이 정리함 6p,수납,2,14900,4500,25300,경기,재구매
2026-01-08,H26028,자사몰,S-302,옷걸이 논슬립 30p,수납,1,12900,600,12300,대구,재구매
2026-01-08,H26029,자사몰,D-501,모니터 받침대,데스크,2,26900,0,53800,기타,재구매
2026-01-08,H26030,자사몰,K-101,스테인리스 텀블러 500ml,주방,1,18900,900,18000,광주,재구매
2026-01-08,H26031,오픈마켓,K-102,실리콘 조리도구 5종 세트,주방,2,24900,0,49800,대전,신규
2026-01-08,H26032,자사몰,S-303,서랍 칸막이 정리함 6p,수납,1,14900,0,14900,경기,신규
2026-01-08,H26033,오픈마켓,D-503,데스크 매트 80x40,데스크,2,17900,1800,34000,부산,신규
2026-01-08,H26034,자사몰,K-104,규조토 컵받침 4p,주방,1,9900,0,9900,서울,신규
2026-01-08,H26035,자사몰,S-302,옷걸이 논슬립 30p,수납,1,12900,0,12900,인천,신규
2026-01-08,H26036,자사몰,K-102,실리콘 조리도구 5종 세트,주방,2,24900,5000,44800,대전,재구매
2026-01-09,H26037,자사몰,S-301,리빙박스 60L 3p,수납,2,29900,0,59800,경기,재구매
2026-01-09,H26038,오픈마켓,B-202,대나무 칫솔 4p,욕실,3,7900,2400,21300,서울,재구매
2026-01-09,H26039,자사몰,L-404,아로마 디퓨저 200ml,리빙,2,15900,0,31800,경기,재구매
2026-01-09,H26040,소셜커머스,B-202,대나무 칫솔 4p,욕실,1,7900,1200,6700,경기,신규
2026-01-09,H26041,자사몰,S-301,리빙박스 60L 3p,수납,2,29900,3000,56800,대구,신규
2026-01-09,H26042,자사몰,S-303,서랍 칸막이 정리함 6p,수납,1,14900,700,14200,서울,재구매
2026-01-09,H26043,자사몰,K-103,밀폐 유리 반찬통 4p,주방,2,21900,4400,39400,기타,신규
2026-01-09,H26044,소셜커머스,K-101,스테인리스 텀블러 500ml,주방,2,18900,3800,34000,경기,신규
2026-01-09,H26045,자사몰,B-204,무타공 욕실 선반,욕실,1,23900,0,23900,인천,재구매
2026-01-10,H26046,오픈마켓,S-303,서랍 칸막이 정리함 6p,수납,1,14900,700,14200,기타,재구매
2026-01-10,H26047,소셜커머스,D-502,케이블 정리 클립 10p,데스크,1,6900,700,6200,서울,재구매
2026-01-10,H26048,오픈마켓,L-401,극세사 러그 100x150,리빙,2,34900,7000,62800,광주,신규
2026-01-10,H26049,자사몰,K-102,실리콘 조리도구 5종 세트,주방,2,24900,5000,44800,서울,신규
2026-01-10,H26050,자사몰,L-401,극세사 러그 100x150,리빙,1,34900,1700,33200,경기,재구매
2026-01-10,H26051,자사몰,K-104,규조토 컵받침 4p,주방,2,9900,0,19800,서울,신규
2026-01-10,H26052,오픈마켓,B-201,규조토 발매트,욕실,1,19900,0,19900,경기,신규
2026-01-10,H26053,오픈마켓,K-103,밀폐 유리 반찬통 4p,주방,1,21900,0,21900,서울,신규
2026-01-10,H26054,오픈마켓,S-303,서랍 칸막이 정리함 6p,수납,2,14900,1500,28300,경기,신규
2026-01-10,H26055,자사몰,K-101,스테인리스 텀블러 500ml,주방,1,18900,0,18900,대전,신규
2026-01-10,H26056,자사몰,B-204,무타공 욕실 선반,욕실,4,23900,0,95600,경기,신규
2026-01-10,H26057,자사몰,L-404,아로마 디퓨저 200ml,리빙,1,15900,0,15900,서울,신규
2026-01-11,H26058,오픈마켓,B-201,규조토 발매트,욕실,1,19900,0,19900,경기,재구매
2026-01-11,H26059,자사몰,B-201,규조토 발매트,욕실,3,19900,0,59700,기타,재구매
2026-01-11,H26060,자사몰,L-404,아로마 디퓨저 200ml,리빙,2,15900,0,31800,서울,신규
2026-01-11,H26061,오픈마켓,L-404,아로마 디퓨저 200ml,리빙,2,15900,0,31800,서울,신규
2026-01-11,H26062,자사몰,B-202,대나무 칫솔 4p,욕실,1,7900,400,7500,서울,신규
2026-01-11,H26063,오픈마켓,S-301,리빙박스 60L 3p,수납,1,29900,0,29900,부산,재구매
2026-01-11,H26064,오픈마켓,S-301,리빙박스 60L 3p,수납,1,29900,0,29900,경기,신규
2026-01-11,H26065,자사몰,K-101,스테인리스 텀블러 500ml,주방,2,18900,0,37800,경기,신규
2026-01-11,H26066,소셜커머스,B-204,무타공 욕실 선반,욕실,1,23900,2400,21500,인천,신규
2026-01-11,H26067,자사몰,D-501,모니터 받침대,데스크,2,26900,2700,51100,기타,재구매
2026-01-11,H26068,자사몰,L-403,무선 LED 무드등,리빙,3,16900,0,50700,서울,재구매
2026-01-11,H26069,소셜커머스,S-303,서랍 칸막이 정리함 6p,수납,1,14900,2200,12700,기타,재구매
2026-01-12,H26070,오픈마켓,D-503,데스크 매트 80x40,데스크,1,17900,0,17900,대구,신규
2026-01-12,H26071,자사몰,K-103,밀폐 유리 반찬통 4p,주방,1,21900,1100,20800,경기,재구매
2026-01-12,H26072,자사몰,S-301,리빙박스 60L 3p,수납,1,29900,1500,28400,부산,재구매
2026-01-12,H26073,오픈마켓,S-302,옷걸이 논슬립 30p,수납,3,12900,0,38700,경기,신규
2026-01-12,H26074,자사몰,D-503,데스크 매트 80x40,데스크,1,17900,0,17900,서울,신규
2026-01-12,H26075,오픈마켓,S-302,옷걸이 논슬립 30p,수납,1,12900,1300,11600,서울,재구매
2026-01-12,H26076,소셜커머스,S-301,리빙박스 60L 3p,수납,2,29900,6000,53800,서울,재구매
2026-01-12,H26077,오픈마켓,S-301,리빙박스 60L 3p,수납,3,29900,0,89700,경기,신규
2026-01-12,H26078,자사몰,K-105,접이식 식기 건조대,주방,1,32900,0,32900,부산,재구매
2026-01-12,H26079,오픈마켓,K-102,실리콘 조리도구 5종 세트,주방,1,24900,1200,23700,서울,신규
2026-01-12,H26080,소셜커머스,B-201,규조토 발매트,욕실,2,19900,6000,33800,경기,재구매
2026-01-12,H26081,자사몰,K-103,밀폐 유리 반찬통 4p,주방,1,21900,0,21900,서울,신규
2026-01-13,H26082,소셜커머스,B-203,샤워기 필터 헤드,욕실,1,27900,2800,25100,대전,신규
2026-01-13,H26083,자사몰,S-304,틈새 이동식 수납장,수납,1,39900,0,39900,기타,재구매
2026-01-13,H26084,오픈마켓,L-404,아로마 디퓨저 200ml,리빙,4,15900,0,63600,광주,재구매
2026-01-13,H26085,오픈마켓,S-303,서랍 칸막이 정리함 6p,수납,1,14900,1500,13400,부산,신규
2026-01-13,H26086,소셜커머스,K-103,밀폐 유리 반찬통 4p,주방,2,21900,4400,39400,부산,재구매
2026-01-13,H26087,자사몰,L-401,극세사 러그 100x150,리빙,2,34900,7000,62800,경기,재구매
2026-01-13,H26088,자사몰,L-401,극세사 러그 100x150,리빙,1,34900,0,34900,경기,신규
2026-01-13,H26089,소셜커머스,K-102,실리콘 조리도구 5종 세트,주방,1,24900,3700,21200,서울,재구매
2026-01-13,H26090,오픈마켓,L-401,극세사 러그 100x150,리빙,3,34900,0,104700,기타,신규
2026-01-13,H26091,오픈마켓,K-104,규조토 컵받침 4p,주방,1,9900,1000,8900,대전,재구매
2026-01-14,H26092,자사몰,K-102,실리콘 조리도구 5종 세트,주방,1,24900,0,24900,서울,신규
2026-01-14,H26093,자사몰,S-302,옷걸이 논슬립 30p,수납,1,12900,1300,11600,기타,신규
2026-01-14,H26094,자사몰,B-201,규조토 발매트,욕실,2,19900,0,39800,서울,신규
2026-01-14,H26095,오픈마켓,S-304,틈새 이동식 수납장,수납,2,39900,8000,71800,기타,재구매
2026-01-14,H26096,소셜커머스,K-104,규조토 컵받침 4p,주방,2,9900,3000,16800,경기,신규
2026-01-14,H26097,오픈마켓,D-501,모니터 받침대,데스크,1,26900,1300,25600,부산,신규
2026-01-14,H26098,자사몰,B-202,대나무 칫솔 4p,욕실,1,7900,0,7900,부산,신규
2026-01-14,H26099,오픈마켓,K-102,실리콘 조리도구 5종 세트,주방,3,24900,3700,71000,경기,신규
2026-01-15,H26100,자사몰,S-301,리빙박스 60L 3p,수납,1,29900,0,29900,인천,신규
2026-01-15,H26101,자사몰,L-403,무선 LED 무드등,리빙,1,16900,1700,15200,경기,재구매
2026-01-15,H26102,자사몰,K-101,스테인리스 텀블러 500ml,주방,2,18900,3800,34000,경기,신규
2026-01-15,H26103,오픈마켓,B-204,무타공 욕실 선반,욕실,1,23900,1200,22700,경기,신규
2026-01-15,H26104,자사몰,K-105,접이식 식기 건조대,주방,1,32900,0,32900,기타,재구매
2026-01-15,H26105,오픈마켓,K-101,스테인리스 텀블러 500ml,주방,2,18900,3800,34000,경기,재구매
2026-01-15,H26106,자사몰,B-202,대나무 칫솔 4p,욕실,1,7900,0,7900,부산,신규
2026-01-16,H26107,자사몰,S-302,옷걸이 논슬립 30p,수납,2,12900,2600,23200,광주,신규
2026-01-16,H26108,오픈마켓,K-103,밀폐 유리 반찬통 4p,주방,1,21900,1100,20800,대전,재구매
2026-01-16,H26109,자사몰,D-501,모니터 받침대,데스크,2,26900,0,53800,인천,재구매
2026-01-16,H26110,자사몰,B-204,무타공 욕실 선반,욕실,2,23900,0,47800,서울,신규
2026-01-16,H26111,자사몰,K-101,스테인리스 텀블러 500ml,주방,3,18900,2800,53900,서울,신규
2026-01-16,H26112,자사몰,S-304,틈새 이동식 수납장,수납,1,39900,0,39900,서울,신규
2026-01-16,H26113,오픈마켓,K-104,규조토 컵받침 4p,주방,2,9900,1000,18800,서울,신규
2026-01-16,H26114,소셜커머스,S-301,리빙박스 60L 3p,수납,1,29900,4500,25400,부산,신규
2026-01-16,H26115,자사몰,L-404,아로마 디퓨저 200ml,리빙,1,15900,0,15900,경기,재구매
2026-01-16,H26116,소셜커머스,K-101,스테인리스 텀블러 500ml,주방,1,18900,2800,16100,대전,신규
2026-01-17,H26117,자사몰,D-503,데스크 매트 80x40,데스크,1,17900,0,17900,서울,신규
2026-01-17,H26118,오픈마켓,D-501,모니터 받침대,데스크,1,26900,2700,24200,서울,신규
2026-01-17,H26119,오픈마켓,S-301,리빙박스 60L 3p,수납,1,29900,0,29900,대전,재구매
2026-01-17,H26120,자사몰,S-301,리빙박스 60L 3p,수납,1,29900,0,29900,대구,신규
2026-01-17,H26121,자사몰,K-102,실리콘 조리도구 5종 세트,주방,1,24900,0,24900,서울,신규
2026-01-17,H26122,자사몰,B-204,무타공 욕실 선반,욕실,1,23900,2400,21500,서울,재구매
2026-01-17,H26123,자사몰,B-201,규조토 발매트,욕실,3,19900,0,59700,경기,신규
2026-01-17,H26124,자사몰,D-501,모니터 받침대,데스크,2,26900,0,53800,경기,신규
2026-01-17,H26125,자사몰,K-101,스테인리스 텀블러 500ml,주방,1,18900,900,18000,서울,신규
2026-01-17,H26126,자사몰,L-402,암막 커튼 2장,리빙,1,42900,0,42900,서울,신규
2026-01-17,H26127,자사몰,K-101,스테인리스 텀블러 500ml,주방,1,18900,0,18900,부산,신규
2026-01-17,H26128,자사몰,L-402,암막 커튼 2장,리빙,3,42900,0,128700,경기,재구매
2026-01-17,H26129,오픈마켓,L-403,무선 LED 무드등,리빙,1,16900,0,16900,대전,신규
2026-01-18,H26130,자사몰,S-301,리빙박스 60L 3p,수납,1,29900,0,29900,기타,신규
2026-01-18,H26131,자사몰,S-302,옷걸이 논슬립 30p,수납,1,12900,1300,11600,부산,신규
2026-01-18,H26132,오픈마켓,K-103,밀폐 유리 반찬통 4p,주방,1,21900,2200,19700,기타,재구매
2026-01-18,H26133,소셜커머스,L-402,암막 커튼 2장,리빙,1,42900,6400,36500,경기,재구매
2026-01-18,H26134,자사몰,B-204,무타공 욕실 선반,욕실,1,23900,2400,21500,부산,재구매
2026-01-18,H26135,자사몰,D-501,모니터 받침대,데스크,1,26900,0,26900,서울,신규
2026-01-18,H26136,자사몰,S-303,서랍 칸막이 정리함 6p,수납,1,14900,1500,13400,경기,신규
2026-01-18,H26137,자사몰,L-404,아로마 디퓨저 200ml,리빙,4,15900,3200,60400,광주,재구매
2026-01-18,H26138,오픈마켓,K-101,스테인리스 텀블러 500ml,주방,1,18900,900,18000,서울,재구매
2026-01-18,H26139,소셜커머스,L-402,암막 커튼 2장,리빙,2,42900,8600,77200,경기,재구매
2026-01-18,H26140,오픈마켓,K-102,실리콘 조리도구 5종 세트,주방,2,24900,0,49800,대구,재구매
2026-01-19,H26141,오픈마켓,D-502,케이블 정리 클립 10p,데스크,1,6900,300,6600,인천,재구매
2026-01-19,H26142,자사몰,S-301,리빙박스 60L 3p,수납,1,29900,0,29900,경기,재구매
2026-01-19,H26143,자사몰,L-404,아로마 디퓨저 200ml,리빙,1,15900,1600,14300,기타,신규
2026-01-19,H26144,자사몰,K-101,스테인리스 텀블러 500ml,주방,1,18900,0,18900,경기,재구매
2026-01-19,H26145,자사몰,L-401,극세사 러그 100x150,리빙,2,34900,3500,66300,경기,재구매
2026-01-19,H26146,자사몰,D-501,모니터 받침대,데스크,1,26900,0,26900,서울,재구매
2026-01-19,H26147,자사몰,S-301,리빙박스 60L 3p,수납,4,29900,0,119600,서울,재구매
2026-01-19,H26148,소셜커머스,K-101,스테인리스 텀블러 500ml,주방,2,18900,3800,34000,서울,재구매
2026-01-19,H26149,오픈마켓,B-204,무타공 욕실 선반,욕실,3,23900,0,71700,경기,재구매
2026-01-19,H26150,소셜커머스,D-502,케이블 정리 클립 10p,데스크,1,6900,700,6200,경기,재구매
2026-01-19,H26151,자사몰,L-404,아로마 디퓨저 200ml,리빙,1,15900,0,15900,기타,재구매
2026-01-19,H26152,자사몰,B-203,샤워기 필터 헤드,욕실,3,27900,0,83700,광주,재구매
2026-01-19,H26153,자사몰,S-301,리빙박스 60L 3p,수납,1,29900,0,29900,대전,신규
2026-01-20,H26154,오픈마켓,K-105,접이식 식기 건조대,주방,2,32900,6600,59200,기타,신규
2026-01-20,H26155,오픈마켓,D-502,케이블 정리 클립 10p,데스크,2,6900,700,13100,부산,재구매
2026-01-20,H26156,오픈마켓,S-303,서랍 칸막이 정리함 6p,수납,1,14900,0,14900,경기,신규
2026-01-20,H26157,소셜커머스,K-103,밀폐 유리 반찬통 4p,주방,1,21900,3300,18600,기타,재구매
2026-01-20,H26158,자사몰,B-201,규조토 발매트,욕실,3,19900,3000,56700,경기,신규
2026-01-20,H26159,소셜커머스,L-401,극세사 러그 100x150,리빙,2,34900,7000,62800,서울,신규
2026-01-20,H26160,자사몰,K-103,밀폐 유리 반찬통 4p,주방,2,21900,2200,41600,경기,재구매
2026-01-20,H26161,소셜커머스,L-403,무선 LED 무드등,리빙,1,16900,2500,14400,기타,재구매
2026-01-20,H26162,자사몰,D-502,케이블 정리 클립 10p,데스크,1,6900,700,6200,부산,신규
2026-01-21,H26163,자사몰,S-303,서랍 칸막이 정리함 6p,수납,1,14900,0,14900,대전,신규
2026-01-21,H26164,오픈마켓,B-202,대나무 칫솔 4p,욕실,1,7900,400,7500,서울,신규
2026-01-21,H26165,자사몰,K-105,접이식 식기 건조대,주방,1,32900,3300,29600,대전,신규
2026-01-21,H26166,소셜커머스,D-501,모니터 받침대,데스크,2,26900,5400,48400,경기,신규
2026-01-21,H26167,자사몰,K-104,규조토 컵받침 4p,주방,2,9900,1000,18800,서울,신규
2026-01-21,H26168,소셜커머스,L-404,아로마 디퓨저 200ml,리빙,1,15900,1600,14300,경기,신규
2026-01-21,H26169,소셜커머스,K-101,스테인리스 텀블러 500ml,주방,1,18900,2800,16100,경기,신규
2026-01-21,H26170,자사몰,L-403,무선 LED 무드등,리빙,2,16900,0,33800,부산,신규
2026-01-21,H26171,오픈마켓,B-201,규조토 발매트,욕실,1,19900,1000,18900,경기,재구매
2026-01-21,H26172,오픈마켓,K-101,스테인리스 텀블러 500ml,주방,2,18900,1900,35900,대전,재구매
2026-01-21,H26173,소셜커머스,S-304,틈새 이동식 수납장,수납,1,39900,4000,35900,대전,신규
2026-01-21,H26174,자사몰,K-101,스테인리스 텀블러 500ml,주방,1,18900,0,18900,인천,재구매
2026-01-22,H26175,자사몰,K-101,스테인리스 텀블러 500ml,주방,1,18900,0,18900,서울,신규
2026-01-22,H26176,오픈마켓,S-303,서랍 칸막이 정리함 6p,수납,1,14900,1500,13400,기타,신규
2026-01-22,H26177,소셜커머스,B-203,샤워기 필터 헤드,욕실,2,27900,8400,47400,경기,신규
2026-01-22,H26178,오픈마켓,S-301,리빙박스 60L 3p,수납,2,29900,0,59800,경기,신규
2026-01-22,H26179,자사몰,B-203,샤워기 필터 헤드,욕실,2,27900,0,55800,경기,신규
2026-01-22,H26180,자사몰,S-302,옷걸이 논슬립 30p,수납,1,12900,0,12900,서울,재구매
2026-01-22,H26181,오픈마켓,S-303,서랍 칸막이 정리함 6p,수납,1,14900,1500,13400,기타,재구매
2026-01-22,H26182,소셜커머스,S-304,틈새 이동식 수납장,수납,2,39900,8000,71800,서울,재구매
2026-01-22,H26183,오픈마켓,D-502,케이블 정리 클립 10p,데스크,1,6900,0,6900,기타,신규
2026-01-22,H26184,오픈마켓,S-301,리빙박스 60L 3p,수납,1,29900,3000,26900,경기,재구매
2026-01-22,H26185,오픈마켓,S-301,리빙박스 60L 3p,수납,1,29900,1500,28400,경기,재구매
2026-01-23,H26186,오픈마켓,S-301,리빙박스 60L 3p,수납,3,29900,4500,85200,기타,신규
2026-01-23,H26187,자사몰,K-104,규조토 컵받침 4p,주방,1,9900,500,9400,서울,재구매
2026-01-23,H26188,오픈마켓,B-201,규조토 발매트,욕실,1,19900,1000,18900,서울,재구매
2026-01-23,H26189,소셜커머스,K-102,실리콘 조리도구 5종 세트,주방,1,24900,2500,22400,서울,신규
2026-01-23,H26190,자사몰,S-302,옷걸이 논슬립 30p,수납,1,12900,0,12900,대구,신규
2026-01-23,H26191,자사몰,S-301,리빙박스 60L 3p,수납,1,29900,3000,26900,인천,재구매
2026-01-23,H26192,자사몰,K-101,스테인리스 텀블러 500ml,주방,3,18900,2800,53900,서울,신규
2026-01-24,H26193,자사몰,D-501,모니터 받침대,데스크,2,26900,2700,51100,기타,신규
2026-01-24,H26194,자사몰,D-503,데스크 매트 80x40,데스크,2,17900,1800,34000,경기,신규
2026-01-24,H26195,자사몰,S-301,리빙박스 60L 3p,수납,1,29900,0,29900,경기,신규
2026-01-24,H26196,오픈마켓,L-402,암막 커튼 2장,리빙,1,42900,2100,40800,경기,신규
2026-01-24,H26197,오픈마켓,B-201,규조토 발매트,욕실,1,19900,0,19900,경기,재구매
2026-01-24,H26198,오픈마켓,K-104,규조토 컵받침 4p,주방,1,9900,1000,8900,경기,신규
2026-01-24,H26199,자사몰,K-104,규조토 컵받침 4p,주방,1,9900,0,9900,서울,신규
2026-01-24,H26200,자사몰,K-101,스테인리스 텀블러 500ml,주방,2,18900,0,37800,서울,신규
2026-01-24,H26201,오픈마켓,K-101,스테인리스 텀블러 500ml,주방,1,18900,1900,17000,경기,신규
2026-01-24,H26202,자사몰,K-101,스테인리스 텀블러 500ml,주방,3,18900,0,56700,기타,신규
2026-01-24,H26203,자사몰,K-101,스테인리스 텀블러 500ml,주방,2,18900,1900,35900,경기,재구매
2026-01-24,H26204,자사몰,K-104,규조토 컵받침 4p,주방,1,9900,0,9900,대구,재구매
2026-01-25,H26205,오픈마켓,L-404,아로마 디퓨저 200ml,리빙,2,15900,3200,28600,경기,재구매
2026-01-25,H26206,자사몰,K-101,스테인리스 텀블러 500ml,주방,2,18900,3800,34000,대구,재구매
2026-01-25,H26207,소셜커머스,L-401,극세사 러그 100x150,리빙,1,34900,5200,29700,인천,재구매
2026-01-25,H26208,자사몰,D-503,데스크 매트 80x40,데스크,1,17900,900,17000,대구,신규
2026-01-25,H26209,오픈마켓,L-404,아로마 디퓨저 200ml,리빙,1,15900,800,15100,인천,신규
2026-01-25,H26210,자사몰,B-201,규조토 발매트,욕실,1,19900,1000,18900,기타,재구매
2026-01-25,H26211,자사몰,K-102,실리콘 조리도구 5종 세트,주방,2,24900,5000,44800,기타,재구매
2026-01-25,H26212,자사몰,L-401,극세사 러그 100x150,리빙,1,34900,1700,33200,인천,재구매
2026-01-25,H26213,자사몰,D-503,데스크 매트 80x40,데스크,2,17900,1800,34000,광주,재구매
2026-01-25,H26214,오픈마켓,B-203,샤워기 필터 헤드,욕실,3,27900,4200,79500,서울,재구매
2026-01-25,H26215,오픈마켓,S-301,리빙박스 60L 3p,수납,2,29900,0,59800,경기,재구매
2026-01-25,H26216,자사몰,K-105,접이식 식기 건조대,주방,4,32900,6600,125000,부산,신규
2026-01-26,H26217,자사몰,B-202,대나무 칫솔 4p,욕실,1,7900,0,7900,기타,재구매
2026-01-26,H26218,자사몰,K-105,접이식 식기 건조대,주방,4,32900,6600,125000,경기,재구매
2026-01-26,H26219,오픈마켓,B-204,무타공 욕실 선반,욕실,2,23900,2400,45400,서울,신규
2026-01-26,H26220,자사몰,L-404,아로마 디퓨저 200ml,리빙,2,15900,0,31800,서울,재구매
2026-01-26,H26221,오픈마켓,B-203,샤워기 필터 헤드,욕실,3,27900,8400,75300,경기,신규
2026-01-26,H26222,소셜커머스,S-301,리빙박스 60L 3p,수납,1,29900,4500,25400,서울,재구매
2026-01-26,H26223,자사몰,B-203,샤워기 필터 헤드,욕실,2,27900,0,55800,경기,재구매
2026-01-26,H26224,자사몰,K-103,밀폐 유리 반찬통 4p,주방,1,21900,0,21900,서울,신규
2026-01-26,H26225,오픈마켓,L-404,아로마 디퓨저 200ml,리빙,1,15900,0,15900,인천,신규
2026-01-26,H26226,오픈마켓,K-101,스테인리스 텀블러 500ml,주방,2,18900,0,37800,대전,신규
2026-01-26,H26227,오픈마켓,B-201,규조토 발매트,욕실,1,19900,2000,17900,경기,재구매
2026-01-27,H26228,자사몰,D-502,케이블 정리 클립 10p,데스크,1,6900,0,6900,서울,재구매
2026-01-27,H26229,자사몰,S-304,틈새 이동식 수납장,수납,2,39900,4000,75800,경기,재구매
2026-01-27,H26230,오픈마켓,S-302,옷걸이 논슬립 30p,수납,1,12900,1300,11600,대전,신규
2026-01-27,H26231,자사몰,K-103,밀폐 유리 반찬통 4p,주방,1,21900,0,21900,기타,재구매
2026-01-27,H26232,자사몰,L-404,아로마 디퓨저 200ml,리빙,2,15900,0,31800,경기,신규
2026-01-27,H26233,자사몰,K-102,실리콘 조리도구 5종 세트,주방,1,24900,0,24900,인천,신규
2026-01-27,H26234,오픈마켓,L-403,무선 LED 무드등,리빙,4,16900,3400,64200,경기,신규
2026-01-27,H26235,자사몰,K-103,밀폐 유리 반찬통 4p,주방,2,21900,0,43800,경기,재구매
2026-01-27,H26236,오픈마켓,D-502,케이블 정리 클립 10p,데스크,1,6900,0,6900,기타,재구매
2026-01-27,H26237,자사몰,S-302,옷걸이 논슬립 30p,수납,1,12900,0,12900,부산,신규
2026-01-27,H26238,자사몰,S-303,서랍 칸막이 정리함 6p,수납,2,14900,0,29800,광주,재구매
2026-01-27,H26239,오픈마켓,K-102,실리콘 조리도구 5종 세트,주방,1,24900,0,24900,대구,신규
2026-01-28,H26240,오픈마켓,S-303,서랍 칸막이 정리함 6p,수납,1,14900,1500,13400,경기,재구매
2026-01-28,H26241,자사몰,K-103,밀폐 유리 반찬통 4p,주방,1,21900,0,21900,서울,신규
2026-01-28,H26242,소셜커머스,L-401,극세사 러그 100x150,리빙,3,34900,10500,94200,경기,재구매
2026-01-28,H26243,오픈마켓,L-404,아로마 디퓨저 200ml,리빙,1,15900,800,15100,경기,신규
2026-01-28,H26244,자사몰,L-404,아로마 디퓨저 200ml,리빙,1,15900,800,15100,경기,신규
2026-01-28,H26245,소셜커머스,L-403,무선 LED 무드등,리빙,1,16900,1700,15200,경기,재구매
2026-01-28,H26246,오픈마켓,B-202,대나무 칫솔 4p,욕실,1,7900,0,7900,경기,신규
2026-01-28,H26247,자사몰,S-304,틈새 이동식 수납장,수납,3,39900,0,119700,인천,재구매
2026-01-28,H26248,자사몰,S-304,틈새 이동식 수납장,수납,2,39900,8000,71800,서울,재구매
2026-01-28,H26249,오픈마켓,D-503,데스크 매트 80x40,데스크,1,17900,0,17900,경기,재구매
2026-01-29,H26250,오픈마켓,K-103,밀폐 유리 반찬통 4p,주방,1,21900,0,21900,서울,신규
2026-01-29,H26251,소셜커머스,B-202,대나무 칫솔 4p,욕실,4,7900,3200,28400,경기,신규
2026-01-29,H26252,자사몰,L-401,극세사 러그 100x150,리빙,2,34900,0,69800,경기,재구매
2026-01-29,H26253,자사몰,D-502,케이블 정리 클립 10p,데스크,3,6900,0,20700,인천,신규
2026-01-29,H26254,자사몰,K-102,실리콘 조리도구 5종 세트,주방,1,24900,0,24900,경기,신규
2026-01-29,H26255,오픈마켓,S-303,서랍 칸막이 정리함 6p,수납,1,14900,1500,13400,경기,신규
2026-01-29,H26256,소셜커머스,L-404,아로마 디퓨저 200ml,리빙,1,15900,2400,13500,기타,신규
2026-01-29,H26257,오픈마켓,K-104,규조토 컵받침 4p,주방,1,9900,1000,8900,경기,신규
2026-01-29,H26258,자사몰,D-501,모니터 받침대,데스크,2,26900,5400,48400,기타,재구매
2026-01-30,H26259,오픈마켓,K-104,규조토 컵받침 4p,주방,4,9900,0,39600,기타,신규
2026-01-30,H26260,자사몰,B-201,규조토 발매트,욕실,2,19900,2000,37800,경기,신규
2026-01-30,H26261,자사몰,K-101,스테인리스 텀블러 500ml,주방,1,18900,0,18900,인천,재구매
2026-01-30,H26262,오픈마켓,S-303,서랍 칸막이 정리함 6p,수납,1,14900,0,14900,서울,신규
2026-01-30,H26263,자사몰,L-403,무선 LED 무드등,리빙,2,16900,1700,32100,부산,신규
2026-01-30,H26264,오픈마켓,B-201,규조토 발매트,욕실,1,19900,1000,18900,서울,신규
2026-01-30,H26265,자사몰,K-105,접이식 식기 건조대,주방,2,32900,0,65800,서울,신규
2026-01-30,H26266,소셜커머스,S-301,리빙박스 60L 3p,수납,1,29900,4500,25400,기타,재구매
2026-01-30,H26267,소셜커머스,K-101,스테인리스 텀블러 500ml,주방,1,18900,2800,16100,부산,재구매
2026-01-30,H26268,오픈마켓,B-201,규조토 발매트,욕실,2,19900,2000,37800,경기,신규
2026-01-31,H26269,오픈마켓,L-404,아로마 디퓨저 200ml,리빙,2,15900,3200,28600,인천,재구매
2026-01-31,H26270,자사몰,S-303,서랍 칸막이 정리함 6p,수납,2,14900,3000,26800,인천,재구매
2026-01-31,H26271,오픈마켓,K-103,밀폐 유리 반찬통 4p,주방,2,21900,0,43800,대전,재구매
2026-01-31,H26272,오픈마켓,B-201,규조토 발매트,욕실,1,19900,1000,18900,기타,신규
2026-01-31,H26273,오픈마켓,S-303,서랍 칸막이 정리함 6p,수납,1,14900,0,14900,경기,재구매
2026-01-31,H26274,오픈마켓,L-404,아로마 디퓨저 200ml,리빙,2,15900,3200,28600,서울,신규
2026-01-31,H26275,자사몰,S-301,리빙박스 60L 3p,수납,1,29900,1500,28400,기타,신규
2026-01-31,H26276,자사몰,S-303,서랍 칸막이 정리함 6p,수납,1,14900,0,14900,대구,신규
2026-01-31,H26277,오픈마켓,S-301,리빙박스 60L 3p,수납,1,29900,1500,28400,대전,신규
2026-01-31,H26278,자사몰,B-202,대나무 칫솔 4p,욕실,1,7900,0,7900,서울,신규
2026-02-01,H26279,자사몰,S-302,옷걸이 논슬립 30p,수납,1,12900,0,12900,광주,재구매
2026-02-01,H26280,자사몰,D-501,모니터 받침대,데스크,1,26900,2700,24200,광주,신규
2026-02-01,H26281,자사몰,K-105,접이식 식기 건조대,주방,1,32900,0,32900,인천,신규
2026-02-01,H26282,자사몰,K-103,밀폐 유리 반찬통 4p,주방,3,21900,0,65700,대전,재구매
2026-02-01,H26283,소셜커머스,S-303,서랍 칸막이 정리함 6p,수납,1,14900,2200,12700,대구,신규
2026-02-01,H26284,소셜커머스,S-303,서랍 칸막이 정리함 6p,수납,1,14900,2200,12700,부산,신규
2026-02-01,H26285,자사몰,B-202,대나무 칫솔 4p,욕실,1,7900,400,7500,대구,신규
2026-02-01,H26286,자사몰,K-101,스테인리스 텀블러 500ml,주방,1,18900,0,18900,서울,재구매
2026-02-01,H26287,자사몰,K-102,실리콘 조리도구 5종 세트,주방,1,24900,0,24900,대전,재구매
2026-02-01,H26288,자사몰,K-102,실리콘 조리도구 5종 세트,주방,1,24900,1200,23700,광주,신규
2026-02-01,H26289,자사몰,S-302,옷걸이 논슬립 30p,수납,1,12900,1300,11600,서울,신규
2026-02-01,H26290,자사몰,B-203,샤워기 필터 헤드,욕실,1,27900,0,27900,경기,신규
2026-02-01,H26291,오픈마켓,D-501,모니터 받침대,데스크,1,26900,0,26900,부산,재구매
2026-02-01,H26292,소셜커머스,S-301,리빙박스 60L 3p,수납,2,29900,6000,53800,경기,재구매
2026-02-02,H26293,자사몰,B-204,무타공 욕실 선반,욕실,1,23900,2400,21500,서울,신규
2026-02-02,H26294,오픈마켓,D-502,케이블 정리 클립 10p,데스크,2,6900,700,13100,대전,재구매
2026-02-02,H26295,자사몰,D-501,모니터 받침대,데스크,2,26900,0,53800,서울,재구매
2026-02-02,H26296,자사몰,L-401,극세사 러그 100x150,리빙,2,34900,0,69800,기타,재구매
2026-02-02,H26297,오픈마켓,B-203,샤워기 필터 헤드,욕실,1,27900,2800,25100,서울,신규
2026-02-02,H26298,소셜커머스,L-401,극세사 러그 100x150,리빙,1,34900,5200,29700,광주,신규
2026-02-02,H26299,오픈마켓,D-502,케이블 정리 클립 10p,데스크,1,6900,700,6200,대구,신규
2026-02-02,H26300,소셜커머스,L-404,아로마 디퓨저 200ml,리빙,1,15900,1600,14300,부산,신규
2026-02-03,H26301,자사몰,K-104,규조토 컵받침 4p,주방,1,9900,0,9900,서울,재구매
2026-02-03,H26302,자사몰,S-304,틈새 이동식 수납장,수납,4,39900,16000,143600,서울,재구매
2026-02-03,H26303,자사몰,B-202,대나무 칫솔 4p,욕실,1,7900,0,7900,경기,신규
2026-02-03,H26304,자사몰,B-202,대나무 칫솔 4p,욕실,1,7900,0,7900,경기,신규
2026-02-03,H26305,자사몰,L-403,무선 LED 무드등,리빙,1,16900,0,16900,기타,신규
2026-02-03,H26306,소셜커머스,K-104,규조토 컵받침 4p,주방,1,9900,1000,8900,대구,신규
2026-02-03,H26307,자사몰,B-203,샤워기 필터 헤드,욕실,1,27900,0,27900,서울,신규
2026-02-03,H26308,오픈마켓,K-103,밀폐 유리 반찬통 4p,주방,1,21900,2200,19700,인천,재구매
2026-02-03,H26309,자사몰,K-102,실리콘 조리도구 5종 세트,주방,1,24900,2500,22400,서울,재구매
2026-02-03,H26310,자사몰,K-103,밀폐 유리 반찬통 4p,주방,1,21900,0,21900,인천,신규
2026-02-04,H26311,소셜커머스,K-101,스테인리스 텀블러 500ml,주방,1,18900,1900,17000,경기,재구매
2026-02-04,H26312,자사몰,K-104,규조토 컵받침 4p,주방,1,9900,0,9900,서울,재구매
2026-02-04,H26313,오픈마켓,L-401,극세사 러그 100x150,리빙,1,34900,1700,33200,대구,신규
2026-02-04,H26314,자사몰,B-202,대나무 칫솔 4p,욕실,1,7900,0,7900,기타,신규
2026-02-04,H26315,소셜커머스,K-103,밀폐 유리 반찬통 4p,주방,2,21900,4400,39400,서울,재구매
2026-02-04,H26316,소셜커머스,L-401,극세사 러그 100x150,리빙,2,34900,7000,62800,서울,신규
2026-02-04,H26317,오픈마켓,K-101,스테인리스 텀블러 500ml,주방,1,18900,900,18000,서울,신규
2026-02-04,H26318,자사몰,L-403,무선 LED 무드등,리빙,3,16900,0,50700,광주,재구매
2026-02-04,H26319,자사몰,K-104,규조토 컵받침 4p,주방,1,9900,0,9900,부산,재구매
2026-02-05,H26320,자사몰,B-202,대나무 칫솔 4p,욕실,1,7900,0,7900,기타,재구매
2026-02-05,H26321,소셜커머스,S-302,옷걸이 논슬립 30p,수납,1,12900,1900,11000,경기,신규
2026-02-05,H26322,자사몰,K-104,규조토 컵받침 4p,주방,1,9900,0,9900,서울,재구매
2026-02-05,H26323,오픈마켓,D-503,데스크 매트 80x40,데스크,1,17900,900,17000,부산,신규
2026-02-05,H26324,자사몰,K-101,스테인리스 텀블러 500ml,주방,1,18900,0,18900,경기,재구매
2026-02-05,H26325,자사몰,D-502,케이블 정리 클립 10p,데스크,1,6900,300,6600,서울,신규
2026-02-05,H26326,오픈마켓,S-303,서랍 칸막이 정리함 6p,수납,2,14900,1500,28300,서울,재구매
2026-02-05,H26327,오픈마켓,L-404,아로마 디퓨저 200ml,리빙,1,15900,0,15900,경기,신규
2026-02-05,H26328,자사몰,D-503,데스크 매트 80x40,데스크,1,17900,0,17900,기타,재구매
2026-02-06,H26329,자사몰,S-304,틈새 이동식 수납장,수납,3,39900,0,119700,기타,재구매
2026-02-06,H26330,오픈마켓,S-301,리빙박스 60L 3p,수납,1,29900,0,29900,경기,재구매
2026-02-06,H26331,소셜커머스,L-404,아로마 디퓨저 200ml,리빙,1,15900,1600,14300,기타,신규
2026-02-06,H26332,자사몰,S-302,옷걸이 논슬립 30p,수납,2,12900,0,25800,경기,재구매
2026-02-06,H26333,자사몰,D-501,모니터 받침대,데스크,2,26900,2700,51100,서울,재구매
2026-02-06,H26334,소셜커머스,K-103,밀폐 유리 반찬통 4p,주방,2,21900,4400,39400,기타,신규
2026-02-06,H26335,자사몰,D-503,데스크 매트 80x40,데스크,3,17900,0,53700,서울,신규
2026-02-06,H26336,소셜커머스,D-502,케이블 정리 클립 10p,데스크,1,6900,1000,5900,경기,신규
2026-02-06,H26337,자사몰,D-501,모니터 받침대,데스크,2,26900,0,53800,대구,신규
2026-02-06,H26338,자사몰,L-401,극세사 러그 100x150,리빙,1,34900,0,34900,기타,신규
2026-02-06,H26339,오픈마켓,K-101,스테인리스 텀블러 500ml,주방,1,18900,1900,17000,서울,재구매
2026-02-06,H26340,오픈마켓,B-203,샤워기 필터 헤드,욕실,1,27900,1400,26500,서울,재구매
2026-02-07,H26341,오픈마켓,B-202,대나무 칫솔 4p,욕실,1,7900,0,7900,경기,신규
2026-02-07,H26342,소셜커머스,S-301,리빙박스 60L 3p,수납,2,29900,9000,50800,대구,재구매
2026-02-07,H26343,소셜커머스,K-101,스테인리스 텀블러 500ml,주방,1,18900,2800,16100,대구,신규
2026-02-07,H26344,오픈마켓,B-202,대나무 칫솔 4p,욕실,1,7900,800,7100,서울,재구매
2026-02-07,H26345,자사몰,S-302,옷걸이 논슬립 30p,수납,1,12900,1300,11600,기타,신규
2026-02-07,H26346,오픈마켓,L-404,아로마 디퓨저 200ml,리빙,2,15900,0,31800,서울,재구매
2026-02-07,H26347,오픈마켓,D-503,데스크 매트 80x40,데스크,1,17900,0,17900,경기,재구매
2026-02-07,H26348,자사몰,B-203,샤워기 필터 헤드,욕실,1,27900,1400,26500,기타,신규
2026-02-07,H26349,오픈마켓,B-202,대나무 칫솔 4p,욕실,1,7900,400,7500,서울,재구매
2026-02-07,H26350,자사몰,K-101,스테인리스 텀블러 500ml,주방,3,18900,2800,53900,서울,신규
2026-02-07,H26351,자사몰,B-201,규조토 발매트,욕실,1,19900,0,19900,경기,재구매
2026-02-07,H26352,오픈마켓,D-501,모니터 받침대,데스크,1,26900,0,26900,부산,신규
2026-02-08,H26353,오픈마켓,D-502,케이블 정리 클립 10p,데스크,1,6900,300,6600,경기,신규
2026-02-08,H26354,자사몰,L-401,극세사 러그 100x150,리빙,4,34900,0,139600,경기,재구매
2026-02-08,H26355,자사몰,D-503,데스크 매트 80x40,데스크,3,17900,0,53700,서울,신규
2026-02-08,H26356,자사몰,S-301,리빙박스 60L 3p,수납,1,29900,0,29900,광주,신규
2026-02-08,H26357,자사몰,K-104,규조토 컵받침 4p,주방,1,9900,0,9900,서울,신규
2026-02-08,H26358,소셜커머스,K-103,밀폐 유리 반찬통 4p,주방,1,21900,3300,18600,서울,재구매
2026-02-08,H26359,자사몰,B-204,무타공 욕실 선반,욕실,2,23900,2400,45400,부산,신규
2026-02-08,H26360,오픈마켓,D-502,케이블 정리 클립 10p,데스크,2,6900,1400,12400,서울,재구매
2026-02-08,H26361,자사몰,K-103,밀폐 유리 반찬통 4p,주방,1,21900,0,21900,대구,신규
2026-02-08,H26362,소셜커머스,B-204,무타공 욕실 선반,욕실,1,23900,2400,21500,경기,신규
2026-02-08,H26363,자사몰,L-403,무선 LED 무드등,리빙,1,16900,800,16100,기타,신규
2026-02-08,H26364,오픈마켓,B-202,대나무 칫솔 4p,욕실,1,7900,400,7500,기타,신규
2026-02-08,H26365,자사몰,K-103,밀폐 유리 반찬통 4p,주방,1,21900,0,21900,부산,신규
2026-02-08,H26366,오픈마켓,S-301,리빙박스 60L 3p,수납,4,29900,6000,113600,서울,신규
2026-02-08,H26367,오픈마켓,K-102,실리콘 조리도구 5종 세트,주방,2,24900,5000,44800,경기,신규
2026-02-09,H26368,자사몰,K-105,접이식 식기 건조대,주방,1,32900,0,32900,광주,신규
2026-02-09,H26369,소셜커머스,S-301,리빙박스 60L 3p,수납,1,29900,3000,26900,대구,신규
2026-02-09,H26370,소셜커머스,K-104,규조토 컵받침 4p,주방,2,9900,2000,17800,경기,재구매
2026-02-09,H26371,자사몰,B-203,샤워기 필터 헤드,욕실,1,27900,1400,26500,대구,신규
2026-02-09,H26372,오픈마켓,K-102,실리콘 조리도구 5종 세트,주방,1,24900,1200,23700,서울,재구매
2026-02-09,H26373,자사몰,L-401,극세사 러그 100x150,리빙,1,34900,0,34900,기타,신규
2026-02-09,H26374,자사몰,L-404,아로마 디퓨저 200ml,리빙,2,15900,0,31800,서울,신규
2026-02-09,H26375,오픈마켓,D-501,모니터 받침대,데스크,1,26900,1300,25600,부산,재구매
2026-02-09,H26376,자사몰,S-301,리빙박스 60L 3p,수납,1,29900,0,29900,기타,신규
2026-02-09,H26377,오픈마켓,S-303,서랍 칸막이 정리함 6p,수납,1,14900,1500,13400,기타,재구매
2026-02-09,H26378,자사몰,K-104,규조토 컵받침 4p,주방,1,9900,0,9900,서울,재구매
2026-02-10,H26379,자사몰,L-401,극세사 러그 100x150,리빙,4,34900,0,139600,경기,재구매
2026-02-10,H26380,자사몰,K-103,밀폐 유리 반찬통 4p,주방,2,21900,2200,41600,경기,신규
2026-02-10,H26381,자사몰,D-502,케이블 정리 클립 10p,데스크,1,6900,300,6600,대전,재구매
2026-02-10,H26382,자사몰,K-105,접이식 식기 건조대,주방,1,32900,0,32900,경기,신규
2026-02-10,H26383,자사몰,D-502,케이블 정리 클립 10p,데스크,1,6900,0,6900,경기,재구매
2026-02-10,H26384,소셜커머스,B-202,대나무 칫솔 4p,욕실,1,7900,1200,6700,서울,재구매
2026-02-11,H26385,자사몰,B-204,무타공 욕실 선반,욕실,1,23900,0,23900,대구,재구매
2026-02-11,H26386,소셜커머스,B-202,대나무 칫솔 4p,욕실,2,7900,2400,13400,서울,신규
2026-02-11,H26387,소셜커머스,L-401,극세사 러그 100x150,리빙,1,34900,3500,31400,부산,신규
2026-02-11,H26388,자사몰,K-105,접이식 식기 건조대,주방,1,32900,0,32900,경기,신규
2026-02-11,H26389,오픈마켓,D-502,케이블 정리 클립 10p,데스크,2,6900,1400,12400,경기,신규
2026-02-11,H26390,소셜커머스,K-103,밀폐 유리 반찬통 4p,주방,3,21900,6600,59100,경기,신규
2026-02-11,H26391,오픈마켓,L-403,무선 LED 무드등,리빙,2,16900,0,33800,서울,신규
2026-02-11,H26392,자사몰,L-403,무선 LED 무드등,리빙,1,16900,1700,15200,대구,신규
2026-02-11,H26393,라이브방송,K-101,스테인리스 텀블러 500ml,주방,1,18900,3800,15100,부산,신규
2026-02-11,H26394,라이브방송,L-404,아로마 디퓨저 200ml,리빙,1,15900,3200,12700,경기,신규
2026-02-11,H26395,라이브방송,S-303,서랍 칸막이 정리함 6p,수납,1,14900,3000,11900,서울,신규
2026-02-11,H26396,라이브방송,K-101,스테인리스 텀블러 500ml,주방,2,18900,7600,30200,기타,신규
2026-02-11,H26397,라이브방송,K-102,실리콘 조리도구 5종 세트,주방,1,24900,5000,19900,서울,신규
2026-02-11,H26398,라이브방송,S-301,리빙박스 60L 3p,수납,1,29900,6000,23900,기타,신규
2026-02-11,H26399,라이브방송,L-404,아로마 디퓨저 200ml,리빙,1,15900,3200,12700,광주,신규
2026-02-11,H26400,라이브방송,K-101,스테인리스 텀블러 500ml,주방,1,18900,3800,15100,대구,신규
2026-02-11,H26401,라이브방송,K-103,밀폐 유리 반찬통 4p,주방,1,21900,4400,17500,기타,신규
2026-02-11,H26402,라이브방송,L-404,아로마 디퓨저 200ml,리빙,1,15900,3200,12700,경기,재구매
2026-02-11,H26403,라이브방송,K-101,스테인리스 텀블러 500ml,주방,1,18900,3800,15100,대구,신규
2026-02-11,H26404,라이브방송,B-202,대나무 칫솔 4p,욕실,1,7900,1600,6300,서울,재구매
2026-02-11,H26405,라이브방송,B-203,샤워기 필터 헤드,욕실,1,27900,5600,22300,부산,신규
2026-02-11,H26406,라이브방송,K-101,스테인리스 텀블러 500ml,주방,2,18900,7600,30200,서울,재구매
2026-02-11,H26407,라이브방송,K-103,밀폐 유리 반찬통 4p,주방,1,21900,4400,17500,대구,재구매
2026-02-11,H26408,라이브방송,K-101,스테인리스 텀블러 500ml,주방,2,18900,7600,30200,대전,신규
2026-02-12,H26409,자사몰,B-204,무타공 욕실 선반,욕실,1,23900,2400,21500,인천,재구매
2026-02-12,H26410,소셜커머스,B-201,규조토 발매트,욕실,1,19900,2000,17900,광주,신규
2026-02-12,H26411,자사몰,S-303,서랍 칸막이 정리함 6p,수납,1,14900,0,14900,기타,신규
2026-02-12,H26412,자사몰,S-301,리빙박스 60L 3p,수납,1,29900,3000,26900,대구,신규
2026-02-12,H26413,자사몰,B-203,샤워기 필터 헤드,욕실,1,27900,1400,26500,기타,신규
2026-02-12,H26414,자사몰,S-303,서랍 칸막이 정리함 6p,수납,1,14900,0,14900,기타,신규
2026-02-12,H26415,자사몰,K-101,스테인리스 텀블러 500ml,주방,1,18900,0,18900,서울,신규
2026-02-12,H26416,자사몰,K-101,스테인리스 텀블러 500ml,주방,1,18900,900,18000,기타,신규
2026-02-12,H26417,자사몰,K-101,스테인리스 텀블러 500ml,주방,1,18900,1900,17000,서울,재구매
2026-02-12,H26418,자사몰,B-202,대나무 칫솔 4p,욕실,3,7900,2400,21300,서울,신규
2026-02-12,H26419,소셜커머스,S-303,서랍 칸막이 정리함 6p,수납,1,14900,1500,13400,경기,신규
2026-02-12,H26420,오픈마켓,D-503,데스크 매트 80x40,데스크,3,17900,5400,48300,서울,신규
2026-02-12,H26421,오픈마켓,S-302,옷걸이 논슬립 30p,수납,2,12900,0,25800,서울,신규
2026-02-13,H26422,소셜커머스,K-101,스테인리스 텀블러 500ml,주방,1,18900,2800,16100,서울,신규
2026-02-13,H26423,오픈마켓,K-103,밀폐 유리 반찬통 4p,주방,1,21900,0,21900,경기,신규
2026-02-13,H26424,자사몰,B-202,대나무 칫솔 4p,욕실,1,7900,0,7900,경기,재구매
2026-02-13,H26425,오픈마켓,S-303,서랍 칸막이 정리함 6p,수납,1,14900,0,14900,서울,신규
2026-02-13,H26426,오픈마켓,S-304,틈새 이동식 수납장,수납,1,39900,0,39900,대전,신규
2026-02-13,H26427,소셜커머스,D-503,데스크 매트 80x40,데스크,4,17900,7200,64400,부산,재구매
2026-02-13,H26428,자사몰,B-202,대나무 칫솔 4p,욕실,1,7900,400,7500,경기,신규
2026-02-13,H26429,오픈마켓,L-404,아로마 디퓨저 200ml,리빙,1,15900,800,15100,서울,신규
2026-02-14,H26430,오픈마켓,K-103,밀폐 유리 반찬통 4p,주방,3,21900,0,65700,기타,재구매
2026-02-14,H26431,자사몰,S-304,틈새 이동식 수납장,수납,3,39900,12000,107700,기타,신규
2026-02-14,H26432,자사몰,L-402,암막 커튼 2장,리빙,1,42900,0,42900,부산,재구매
2026-02-14,H26433,소셜커머스,B-204,무타공 욕실 선반,욕실,1,23900,3600,20300,인천,재구매
2026-02-14,H26434,자사몰,K-105,접이식 식기 건조대,주방,2,32900,6600,59200,서울,신규
2026-02-15,H26435,소셜커머스,S-302,옷걸이 논슬립 30p,수납,1,12900,1900,11000,서울,신규
2026-02-15,H26436,자사몰,D-501,모니터 받침대,데스크,1,26900,0,26900,인천,신규
2026-02-15,H26437,자사몰,S-302,옷걸이 논슬립 30p,수납,1,12900,0,12900,경기,재구매
2026-02-15,H26438,오픈마켓,K-102,실리콘 조리도구 5종 세트,주방,1,24900,2500,22400,부산,재구매
2026-02-15,H26439,자사몰,D-503,데스크 매트 80x40,데스크,2,17900,1800,34000,경기,재구매
2026-02-15,H26440,오픈마켓,L-403,무선 LED 무드등,리빙,1,16900,0,16900,경기,재구매
2026-02-15,H26441,자사몰,K-101,스테인리스 텀블러 500ml,주방,1,18900,0,18900,인천,재구매
2026-02-15,H26442,오픈마켓,B-201,규조토 발매트,욕실,1,19900,2000,17900,서울,재구매
2026-02-15,H26443,자사몰,L-401,극세사 러그 100x150,리빙,2,34900,0,69800,서울,재구매
2026-02-16,H26444,자사몰,S-301,리빙박스 60L 3p,수납,2,29900,0,59800,경기,재구매
2026-02-16,H26445,자사몰,S-303,서랍 칸막이 정리함 6p,수납,2,14900,1500,28300,경기,재구매
2026-02-16,H26446,소셜커머스,K-102,실리콘 조리도구 5종 세트,주방,3,24900,7500,67200,경기,재구매
2026-02-17,H26447,자사몰,B-201,규조토 발매트,욕실,1,19900,2000,17900,기타,신규
2026-02-17,H26448,자사몰,L-402,암막 커튼 2장,리빙,1,42900,0,42900,대전,재구매
2026-02-17,H26449,오픈마켓,L-403,무선 LED 무드등,리빙,1,16900,800,16100,경기,재구매
2026-02-17,H26450,자사몰,K-101,스테인리스 텀블러 500ml,주방,1,18900,0,18900,서울,신규
2026-02-18,H26451,자사몰,D-503,데스크 매트 80x40,데스크,1,17900,900,17000,대전,재구매
2026-02-18,H26452,오픈마켓,K-101,스테인리스 텀블러 500ml,주방,1,18900,0,18900,기타,신규
2026-02-18,H26453,오픈마켓,D-501,모니터 받침대,데스크,2,26900,0,53800,경기,신규
2026-02-18,H26454,소셜커머스,D-502,케이블 정리 클립 10p,데스크,1,6900,700,6200,서울,신규
2026-02-19,H26455,오픈마켓,S-304,틈새 이동식 수납장,수납,3,39900,6000,113700,서울,신규
2026-02-19,H26456,자사몰,D-501,모니터 받침대,데스크,1,26900,0,26900,서울,신규
2026-02-19,H26457,자사몰,K-101,스테인리스 텀블러 500ml,주방,1,18900,0,18900,서울,재구매
2026-02-19,H26458,오픈마켓,K-101,스테인리스 텀블러 500ml,주방,2,18900,1900,35900,기타,재구매
2026-02-19,H26459,자사몰,D-501,모니터 받침대,데스크,1,26900,2700,24200,기타,신규
2026-02-19,H26460,오픈마켓,S-302,옷걸이 논슬립 30p,수납,3,12900,0,38700,대전,재구매
2026-02-19,H26461,오픈마켓,S-301,리빙박스 60L 3p,수납,3,29900,4500,85200,기타,신규
2026-02-19,H26462,오픈마켓,K-104,규조토 컵받침 4p,주방,1,9900,1000,8900,대전,신규
2026-02-19,H26463,자사몰,B-202,대나무 칫솔 4p,욕실,1,7900,0,7900,서울,신규
2026-02-19,H26464,자사몰,K-102,실리콘 조리도구 5종 세트,주방,2,24900,0,49800,경기,신규
2026-02-20,H26465,오픈마켓,S-302,옷걸이 논슬립 30p,수납,1,12900,600,12300,광주,신규
2026-02-20,H26466,오픈마켓,S-304,틈새 이동식 수납장,수납,2,39900,8000,71800,서울,신규
2026-02-20,H26467,소셜커머스,D-501,모니터 받침대,데스크,1,26900,4000,22900,서울,신규
2026-02-20,H26468,오픈마켓,S-302,옷걸이 논슬립 30p,수납,2,12900,1300,24500,경기,재구매
2026-02-20,H26469,자사몰,B-202,대나무 칫솔 4p,욕실,1,7900,0,7900,경기,신규
2026-02-20,H26470,오픈마켓,K-102,실리콘 조리도구 5종 세트,주방,1,24900,1200,23700,경기,신규
2026-02-20,H26471,자사몰,K-104,규조토 컵받침 4p,주방,1,9900,500,9400,경기,신규
2026-02-20,H26472,자사몰,K-101,스테인리스 텀블러 500ml,주방,1,18900,900,18000,서울,재구매
2026-02-20,H26473,소셜커머스,S-303,서랍 칸막이 정리함 6p,수납,1,14900,1500,13400,경기,재구매
2026-02-20,H26474,오픈마켓,S-301,리빙박스 60L 3p,수납,1,29900,0,29900,기타,신규
2026-02-20,H26475,오픈마켓,D-501,모니터 받침대,데스크,1,26900,0,26900,서울,재구매
2026-02-20,H26476,오픈마켓,D-501,모니터 받침대,데스크,1,26900,1300,25600,인천,재구매
2026-02-21,H26477,자사몰,L-403,무선 LED 무드등,리빙,2,16900,0,33800,인천,신규
2026-02-21,H26478,자사몰,K-102,실리콘 조리도구 5종 세트,주방,2,24900,0,49800,서울,신규
2026-02-21,H26479,자사몰,K-101,스테인리스 텀블러 500ml,주방,3,18900,5700,51000,경기,재구매
2026-02-21,H26480,자사몰,S-301,리빙박스 60L 3p,수납,1,29900,3000,26900,서울,재구매
2026-02-21,H26481,자사몰,K-103,밀폐 유리 반찬통 4p,주방,2,21900,0,43800,광주,재구매
2026-02-21,H26482,오픈마켓,L-404,아로마 디퓨저 200ml,리빙,1,15900,0,15900,경기,신규
2026-02-21,H26483,자사몰,L-403,무선 LED 무드등,리빙,1,16900,0,16900,경기,신규
2026-02-21,H26484,자사몰,B-204,무타공 욕실 선반,욕실,1,23900,1200,22700,인천,재구매
2026-02-21,H26485,오픈마켓,S-303,서랍 칸막이 정리함 6p,수납,3,14900,0,44700,기타,신규
2026-02-21,H26486,자사몰,D-502,케이블 정리 클립 10p,데스크,2,6900,0,13800,인천,신규
2026-02-21,H26487,오픈마켓,K-103,밀폐 유리 반찬통 4p,주방,1,21900,1100,20800,기타,재구매
2026-02-21,H26488,소셜커머스,S-303,서랍 칸막이 정리함 6p,수납,1,14900,2200,12700,인천,신규
2026-02-21,H26489,오픈마켓,L-403,무선 LED 무드등,리빙,1,16900,0,16900,서울,신규
2026-02-21,H26490,자사몰,S-304,틈새 이동식 수납장,수납,2,39900,0,79800,경기,신규
2026-02-22,H26491,자사몰,K-103,밀폐 유리 반찬통 4p,주방,1,21900,0,21900,대전,재구매
2026-02-22,H26492,오픈마켓,K-104,규조토 컵받침 4p,주방,2,9900,2000,17800,서울,재구매
2026-02-22,H26493,자사몰,K-103,밀폐 유리 반찬통 4p,주방,1,21900,1100,20800,부산,재구매
2026-02-22,H26494,자사몰,K-102,실리콘 조리도구 5종 세트,주방,2,24900,0,49800,경기,신규
2026-02-22,H26495,오픈마켓,D-503,데스크 매트 80x40,데스크,1,17900,0,17900,경기,신규
2026-02-22,H26496,자사몰,L-403,무선 LED 무드등,리빙,1,16900,0,16900,부산,신규
2026-02-22,H26497,오픈마켓,K-101,스테인리스 텀블러 500ml,주방,2,18900,3800,34000,대전,재구매
2026-02-22,H26498,오픈마켓,L-403,무선 LED 무드등,리빙,1,16900,800,16100,부산,신규
2026-02-22,H26499,자사몰,K-102,실리콘 조리도구 5종 세트,주방,2,24900,0,49800,경기,신규
2026-02-22,H26500,자사몰,D-503,데스크 매트 80x40,데스크,1,17900,900,17000,부산,신규
2026-02-22,H26501,자사몰,K-101,스테인리스 텀블러 500ml,주방,1,18900,0,18900,경기,재구매
2026-02-22,H26502,소셜커머스,B-204,무타공 욕실 선반,욕실,3,23900,10800,60900,경기,신규
2026-02-22,H26503,자사몰,K-102,실리콘 조리도구 5종 세트,주방,1,24900,1200,23700,서울,신규
2026-02-22,H26504,자사몰,L-404,아로마 디퓨저 200ml,리빙,1,15900,0,15900,경기,신규
2026-02-22,H26505,자사몰,S-302,옷걸이 논슬립 30p,수납,1,12900,1300,11600,경기,신규
2026-02-22,H26506,자사몰,L-402,암막 커튼 2장,리빙,2,42900,0,85800,서울,신규
2026-02-22,H26507,자사몰,D-501,모니터 받침대,데스크,1,26900,2700,24200,인천,재구매
2026-02-23,H26508,오픈마켓,L-402,암막 커튼 2장,리빙,4,42900,0,171600,서울,신규
2026-02-23,H26509,자사몰,K-104,규조토 컵받침 4p,주방,2,9900,0,19800,서울,재구매
2026-02-23,H26510,오픈마켓,B-204,무타공 욕실 선반,욕실,2,23900,0,47800,서울,신규
2026-02-23,H26511,오픈마켓,S-301,리빙박스 60L 3p,수납,1,29900,0,29900,경기,신규
2026-02-23,H26512,자사몰,D-502,케이블 정리 클립 10p,데스크,1,6900,300,6600,대구,재구매
2026-02-23,H26513,오픈마켓,B-201,규조토 발매트,욕실,1,19900,2000,17900,서울,신규
2026-02-23,H26514,자사몰,K-105,접이식 식기 건조대,주방,1,32900,3300,29600,경기,재구매
2026-02-23,H26515,자사몰,K-102,실리콘 조리도구 5종 세트,주방,2,24900,0,49800,부산,재구매
2026-02-23,H26516,자사몰,L-404,아로마 디퓨저 200ml,리빙,1,15900,0,15900,경기,신규
2026-02-23,H26517,자사몰,B-203,샤워기 필터 헤드,욕실,3,27900,4200,79500,부산,재구매
2026-02-23,H26518,오픈마켓,K-101,스테인리스 텀블러 500ml,주방,1,18900,900,18000,경기,신규
2026-02-23,H26519,자사몰,S-301,리빙박스 60L 3p,수납,1,29900,1500,28400,서울,재구매
2026-02-24,H26520,자사몰,S-301,리빙박스 60L 3p,수납,1,29900,0,29900,서울,재구매
2026-02-24,H26521,오픈마켓,D-502,케이블 정리 클립 10p,데스크,1,6900,700,6200,광주,재구매
2026-02-24,H26522,오픈마켓,K-103,밀폐 유리 반찬통 4p,주방,2,21900,4400,39400,경기,신규
2026-02-24,H26523,자사몰,B-203,샤워기 필터 헤드,욕실,1,27900,0,27900,경기,재구매
2026-02-24,H26524,자사몰,B-203,샤워기 필터 헤드,욕실,2,27900,0,55800,서울,신규
2026-02-24,H26525,자사몰,L-403,무선 LED 무드등,리빙,1,16900,0,16900,경기,재구매
2026-02-24,H26526,자사몰,K-103,밀폐 유리 반찬통 4p,주방,3,21900,0,65700,광주,신규
2026-02-25,H26527,자사몰,K-104,규조토 컵받침 4p,주방,1,9900,0,9900,경기,신규
2026-02-25,H26528,오픈마켓,K-103,밀폐 유리 반찬통 4p,주방,2,21900,0,43800,서울,신규
2026-02-25,H26529,자사몰,K-102,실리콘 조리도구 5종 세트,주방,2,24900,2500,47300,대전,신규
2026-02-25,H26530,자사몰,L-403,무선 LED 무드등,리빙,1,16900,800,16100,인천,신규
2026-02-25,H26531,오픈마켓,B-203,샤워기 필터 헤드,욕실,1,27900,0,27900,서울,재구매
2026-02-25,H26532,오픈마켓,B-203,샤워기 필터 헤드,욕실,2,27900,5600,50200,서울,신규
2026-02-25,H26533,자사몰,S-302,옷걸이 논슬립 30p,수납,1,12900,0,12900,대구,재구매
2026-02-25,H26534,자사몰,L-401,극세사 러그 100x150,리빙,1,34900,0,34900,서울,재구매
2026-02-25,H26535,소셜커머스,K-104,규조토 컵받침 4p,주방,2,9900,2000,17800,경기,신규
2026-02-25,H26536,자사몰,L-401,극세사 러그 100x150,리빙,1,34900,1700,33200,경기,재구매
2026-02-25,H26537,오픈마켓,B-203,샤워기 필터 헤드,욕실,1,27900,1400,26500,경기,재구매
2026-02-25,H26538,자사몰,S-301,리빙박스 60L 3p,수납,1,29900,1500,28400,경기,신규
2026-02-26,H26539,소셜커머스,K-101,스테인리스 텀블러 500ml,주방,1,18900,2800,16100,대구,재구매
2026-02-26,H26540,자사몰,K-102,실리콘 조리도구 5종 세트,주방,1,24900,0,24900,서울,재구매
2026-02-26,H26541,자사몰,D-503,데스크 매트 80x40,데스크,1,17900,0,17900,부산,재구매
2026-02-26,H26542,오픈마켓,S-301,리빙박스 60L 3p,수납,2,29900,0,59800,서울,신규
2026-02-26,H26543,소셜커머스,B-201,규조토 발매트,욕실,1,19900,3000,16900,대구,재구매
2026-02-26,H26544,소셜커머스,K-104,규조토 컵받침 4p,주방,1,9900,1000,8900,서울,신규
2026-02-26,H26545,오픈마켓,S-302,옷걸이 논슬립 30p,수납,1,12900,600,12300,서울,신규
2026-02-26,H26546,자사몰,K-103,밀폐 유리 반찬통 4p,주방,1,21900,0,21900,서울,신규
2026-02-26,H26547,오픈마켓,S-303,서랍 칸막이 정리함 6p,수납,1,14900,0,14900,인천,재구매
2026-02-26,H26548,자사몰,K-102,실리콘 조리도구 5종 세트,주방,1,24900,2500,22400,기타,재구매
2026-02-26,H26549,자사몰,S-304,틈새 이동식 수납장,수납,3,39900,12000,107700,경기,신규
2026-02-27,H26550,오픈마켓,L-403,무선 LED 무드등,리빙,2,16900,1700,32100,대구,재구매
2026-02-27,H26551,자사몰,B-201,규조토 발매트,욕실,1,19900,2000,17900,서울,신규
2026-02-27,H26552,오픈마켓,K-102,실리콘 조리도구 5종 세트,주방,1,24900,0,24900,서울,신규
2026-02-27,H26553,자사몰,D-503,데스크 매트 80x40,데스크,4,17900,0,71600,기타,재구매
2026-02-27,H26554,자사몰,K-103,밀폐 유리 반찬통 4p,주방,1,21900,0,21900,대구,재구매
2026-02-27,H26555,소셜커머스,K-102,실리콘 조리도구 5종 세트,주방,2,24900,5000,44800,서울,신규
2026-02-27,H26556,오픈마켓,L-403,무선 LED 무드등,리빙,2,16900,0,33800,경기,신규
2026-02-27,H26557,자사몰,B-202,대나무 칫솔 4p,욕실,1,7900,0,7900,경기,신규
2026-02-27,H26558,자사몰,S-302,옷걸이 논슬립 30p,수납,1,12900,0,12900,광주,재구매
2026-02-27,H26559,자사몰,B-204,무타공 욕실 선반,욕실,4,23900,0,95600,기타,재구매
2026-02-27,H26560,자사몰,K-105,접이식 식기 건조대,주방,3,32900,0,98700,기타,재구매
2026-02-28,H26561,오픈마켓,B-201,규조토 발매트,욕실,1,19900,0,19900,부산,신규
2026-02-28,H26562,자사몰,K-105,접이식 식기 건조대,주방,4,32900,0,131600,대전,재구매
2026-02-28,H26563,오픈마켓,K-103,밀폐 유리 반찬통 4p,주방,2,21900,0,43800,기타,신규
2026-02-28,H26564,오픈마켓,S-302,옷걸이 논슬립 30p,수납,1,12900,0,12900,서울,신규
2026-02-28,H26565,자사몰,K-105,접이식 식기 건조대,주방,1,32900,3300,29600,기타,재구매
2026-02-28,H26566,오픈마켓,B-201,규조토 발매트,욕실,1,19900,0,19900,서울,재구매
2026-02-28,H26567,오픈마켓,L-404,아로마 디퓨저 200ml,리빙,3,15900,4800,42900,서울,신규
2026-02-28,H26568,오픈마켓,S-304,틈새 이동식 수납장,수납,2,39900,0,79800,부산,신규
2026-02-28,H26569,자사몰,L-403,무선 LED 무드등,리빙,2,16900,0,33800,경기,재구매
2026-02-28,H26570,오픈마켓,K-101,스테인리스 텀블러 500ml,주방,1,18900,900,18000,서울,신규
2026-02-28,H26571,오픈마켓,L-404,아로마 디퓨저 200ml,리빙,1,15900,800,15100,서울,신규
2026-02-28,H26572,자사몰,B-201,규조토 발매트,욕실,1,19900,0,19900,서울,재구매
2026-02-28,H26573,자사몰,K-103,밀폐 유리 반찬통 4p,주방,3,21900,0,65700,기타,신규
2026-02-28,H26574,소셜커머스,S-301,리빙박스 60L 3p,수납,1,29900,3000,26900,서울,신규
2026-02-28,H26575,자사몰,B-201,규조토 발매트,욕실,1,19900,0,19900,경기,재구매
2026-03-01,H26576,자사몰,S-302,옷걸이 논슬립 30p,수납,1,12900,0,12900,경기,신규
2026-03-01,H26577,자사몰,K-104,규조토 컵받침 4p,주방,2,9900,0,19800,광주,신규
2026-03-01,H26578,소셜커머스,D-502,케이블 정리 클립 10p,데스크,1,6900,1000,5900,부산,재구매
2026-03-01,H26579,자사몰,K-102,실리콘 조리도구 5종 세트,주방,1,24900,1200,23700,대전,재구매
2026-03-01,H26580,자사몰,K-101,스테인리스 텀블러 500ml,주방,2,18900,1900,35900,대전,재구매
2026-03-01,H26581,소셜커머스,B-201,규조토 발매트,욕실,1,19900,2000,17900,대전,신규
2026-03-01,H26582,오픈마켓,D-502,케이블 정리 클립 10p,데스크,2,6900,0,13800,서울,재구매
2026-03-01,H26583,오픈마켓,K-104,규조토 컵받침 4p,주방,1,9900,500,9400,경기,신규
2026-03-01,H26584,자사몰,S-302,옷걸이 논슬립 30p,수납,1,12900,1300,11600,경기,재구매
2026-03-01,H26585,오픈마켓,B-204,무타공 욕실 선반,욕실,1,23900,0,23900,기타,재구매
2026-03-01,H26586,자사몰,L-403,무선 LED 무드등,리빙,3,16900,0,50700,경기,신규
2026-03-01,H26587,오픈마켓,S-304,틈새 이동식 수납장,수납,1,39900,2000,37900,서울,재구매
2026-03-01,H26588,자사몰,D-501,모니터 받침대,데스크,2,26900,0,53800,경기,신규
2026-03-02,H26589,소셜커머스,K-105,접이식 식기 건조대,주방,1,32900,4900,28000,서울,재구매
2026-03-02,H26590,오픈마켓,D-501,모니터 받침대,데스크,2,26900,5400,48400,서울,신규
2026-03-02,H26591,소셜커머스,B-202,대나무 칫솔 4p,욕실,1,7900,800,7100,기타,신규
2026-03-02,H26592,오픈마켓,K-104,규조토 컵받침 4p,주방,1,9900,0,9900,기타,재구매
2026-03-02,H26593,오픈마켓,S-302,옷걸이 논슬립 30p,수납,1,12900,1300,11600,부산,신규
2026-03-02,H26594,자사몰,S-304,틈새 이동식 수납장,수납,1,39900,0,39900,서울,신규
2026-03-02,H26595,소셜커머스,L-401,극세사 러그 100x150,리빙,2,34900,10500,59300,기타,재구매
2026-03-02,H26596,자사몰,K-101,스테인리스 텀블러 500ml,주방,2,18900,3800,34000,대구,재구매
2026-03-02,H26597,자사몰,K-103,밀폐 유리 반찬통 4p,주방,4,21900,0,87600,기타,신규
2026-03-02,H26598,소셜커머스,B-201,규조토 발매트,욕실,1,19900,3000,16900,경기,신규
2026-03-02,H26599,오픈마켓,D-502,케이블 정리 클립 10p,데스크,3,6900,2100,18600,경기,신규
2026-03-03,H26600,오픈마켓,S-302,옷걸이 논슬립 30p,수납,1,12900,1300,11600,경기,재구매
2026-03-03,H26601,오픈마켓,K-103,밀폐 유리 반찬통 4p,주방,1,21900,2200,19700,부산,신규
2026-03-03,H26602,오픈마켓,S-301,리빙박스 60L 3p,수납,4,29900,0,119600,기타,재구매
2026-03-03,H26603,자사몰,S-301,리빙박스 60L 3p,수납,1,29900,0,29900,기타,신규
2026-03-03,H26604,자사몰,K-103,밀폐 유리 반찬통 4p,주방,1,21900,1100,20800,서울,재구매
2026-03-03,H26605,자사몰,S-302,옷걸이 논슬립 30p,수납,1,12900,0,12900,서울,신규
2026-03-03,H26606,자사몰,D-503,데스크 매트 80x40,데스크,3,17900,0,53700,기타,신규
2026-03-03,H26607,자사몰,D-502,케이블 정리 클립 10p,데스크,4,6900,0,27600,경기,신규
2026-03-03,H26608,자사몰,K-102,실리콘 조리도구 5종 세트,주방,2,24900,5000,44800,경기,신규
2026-03-03,H26609,오픈마켓,L-404,아로마 디퓨저 200ml,리빙,2,15900,3200,28600,기타,재구매
2026-03-03,H26610,소셜커머스,S-303,서랍 칸막이 정리함 6p,수납,2,14900,3000,26800,경기,신규
2026-03-03,H26611,소셜커머스,L-402,암막 커튼 2장,리빙,1,42900,6400,36500,서울,신규
2026-03-04,H26612,자사몰,B-203,샤워기 필터 헤드,욕실,1,27900,0,27900,경기,신규
2026-03-04,H26613,자사몰,S-302,옷걸이 논슬립 30p,수납,1,12900,0,12900,서울,신규
2026-03-04,H26614,자사몰,L-404,아로마 디퓨저 200ml,리빙,3,15900,0,47700,인천,신규
2026-03-04,H26615,자사몰,B-204,무타공 욕실 선반,욕실,1,23900,0,23900,경기,신규
2026-03-04,H26616,자사몰,S-301,리빙박스 60L 3p,수납,3,29900,0,89700,서울,신규
2026-03-04,H26617,자사몰,S-301,리빙박스 60L 3p,수납,1,29900,0,29900,서울,신규
2026-03-04,H26618,자사몰,D-502,케이블 정리 클립 10p,데스크,1,6900,300,6600,서울,신규
2026-03-04,H26619,오픈마켓,S-304,틈새 이동식 수납장,수납,1,39900,2000,37900,대전,신규
2026-03-04,H26620,자사몰,B-201,규조토 발매트,욕실,1,19900,1000,18900,경기,재구매
2026-03-04,H26621,자사몰,L-402,암막 커튼 2장,리빙,2,42900,0,85800,경기,재구매
2026-03-04,H26622,자사몰,K-103,밀폐 유리 반찬통 4p,주방,1,21900,0,21900,대전,재구매
2026-03-04,H26623,라이브방송,K-103,밀폐 유리 반찬통 4p,주방,4,21900,17500,70100,경기,신규
2026-03-04,H26624,라이브방송,K-102,실리콘 조리도구 5종 세트,주방,1,24900,5000,19900,경기,재구매
2026-03-04,H26625,라이브방송,K-103,밀폐 유리 반찬통 4p,주방,1,21900,4400,17500,경기,재구매
2026-03-04,H26626,라이브방송,L-404,아로마 디퓨저 200ml,리빙,1,15900,3200,12700,부산,재구매
2026-03-04,H26627,라이브방송,K-104,규조토 컵받침 4p,주방,1,9900,2000,7900,경기,신규
2026-03-04,H26628,라이브방송,K-103,밀폐 유리 반찬통 4p,주방,1,21900,4400,17500,서울,재구매
2026-03-04,H26629,라이브방송,L-404,아로마 디퓨저 200ml,리빙,1,15900,3200,12700,경기,재구매
2026-03-04,H26630,라이브방송,K-103,밀폐 유리 반찬통 4p,주방,2,21900,8800,35000,서울,신규
2026-03-04,H26631,라이브방송,S-302,옷걸이 논슬립 30p,수납,1,12900,2600,10300,서울,신규
2026-03-04,H26632,라이브방송,S-301,리빙박스 60L 3p,수납,1,29900,6000,23900,경기,재구매
2026-03-04,H26633,라이브방송,L-404,아로마 디퓨저 200ml,리빙,1,15900,3200,12700,기타,신규
2026-03-04,H26634,라이브방송,K-103,밀폐 유리 반찬통 4p,주방,1,21900,4400,17500,경기,재구매
2026-03-04,H26635,라이브방송,K-103,밀폐 유리 반찬통 4p,주방,1,21900,4400,17500,서울,재구매
2026-03-04,H26636,라이브방송,L-403,무선 LED 무드등,리빙,1,16900,3400,13500,경기,재구매
2026-03-04,H26637,라이브방송,K-101,스테인리스 텀블러 500ml,주방,3,18900,11300,45400,인천,재구매
2026-03-04,H26638,라이브방송,K-103,밀폐 유리 반찬통 4p,주방,1,21900,4400,17500,경기,재구매
2026-03-04,H26639,라이브방송,L-404,아로마 디퓨저 200ml,리빙,2,15900,6400,25400,경기,재구매
2026-03-04,H26640,라이브방송,B-202,대나무 칫솔 4p,욕실,3,7900,4700,19000,서울,재구매
2026-03-04,H26641,라이브방송,K-101,스테인리스 텀블러 500ml,주방,1,18900,3800,15100,경기,신규
2026-03-04,H26642,라이브방송,L-402,암막 커튼 2장,리빙,1,42900,8600,34300,대전,신규
2026-03-05,H26643,자사몰,S-303,서랍 칸막이 정리함 6p,수납,1,14900,0,14900,기타,재구매
2026-03-05,H26644,소셜커머스,S-303,서랍 칸막이 정리함 6p,수납,2,14900,3000,26800,서울,신규
2026-03-05,H26645,자사몰,K-104,규조토 컵받침 4p,주방,2,9900,0,19800,인천,신규
2026-03-05,H26646,오픈마켓,D-503,데스크 매트 80x40,데스크,2,17900,0,35800,서울,재구매
2026-03-05,H26647,소셜커머스,L-404,아로마 디퓨저 200ml,리빙,1,15900,2400,13500,경기,재구매
2026-03-05,H26648,자사몰,L-404,아로마 디퓨저 200ml,리빙,2,15900,0,31800,부산,신규
2026-03-05,H26649,자사몰,D-502,케이블 정리 클립 10p,데스크,2,6900,0,13800,경기,신규
2026-03-05,H26650,자사몰,B-201,규조토 발매트,욕실,1,19900,0,19900,광주,신규
2026-03-05,H26651,소셜커머스,K-105,접이식 식기 건조대,주방,1,32900,4900,28000,기타,신규
2026-03-05,H26652,자사몰,K-103,밀폐 유리 반찬통 4p,주방,1,21900,0,21900,서울,재구매
2026-03-05,H26653,자사몰,S-302,옷걸이 논슬립 30p,수납,4,12900,0,51600,광주,신규
2026-03-05,H26654,자사몰,B-201,규조토 발매트,욕실,1,19900,0,19900,대구,신규
2026-03-06,H26655,자사몰,S-301,리빙박스 60L 3p,수납,3,29900,9000,80700,기타,신규
2026-03-06,H26656,오픈마켓,D-501,모니터 받침대,데스크,3,26900,8100,72600,인천,신규
2026-03-06,H26657,자사몰,K-101,스테인리스 텀블러 500ml,주방,1,18900,0,18900,서울,신규
2026-03-06,H26658,소셜커머스,D-503,데스크 매트 80x40,데스크,1,17900,1800,16100,경기,신규
2026-03-06,H26659,자사몰,D-502,케이블 정리 클립 10p,데스크,3,6900,0,20700,인천,재구매
2026-03-06,H26660,소셜커머스,K-102,실리콘 조리도구 5종 세트,주방,1,24900,2500,22400,경기,신규
2026-03-06,H26661,자사몰,S-302,옷걸이 논슬립 30p,수납,1,12900,600,12300,경기,재구매
2026-03-06,H26662,자사몰,K-103,밀폐 유리 반찬통 4p,주방,1,21900,2200,19700,경기,재구매
2026-03-06,H26663,자사몰,S-302,옷걸이 논슬립 30p,수납,1,12900,0,12900,경기,재구매
2026-03-07,H26664,오픈마켓,D-502,케이블 정리 클립 10p,데스크,1,6900,300,6600,경기,신규
2026-03-07,H26665,오픈마켓,S-301,리빙박스 60L 3p,수납,2,29900,6000,53800,서울,재구매
2026-03-07,H26666,자사몰,L-402,암막 커튼 2장,리빙,1,42900,0,42900,서울,재구매
2026-03-07,H26667,자사몰,K-105,접이식 식기 건조대,주방,2,32900,3300,62500,서울,재구매
2026-03-07,H26668,오픈마켓,L-404,아로마 디퓨저 200ml,리빙,1,15900,0,15900,인천,신규
2026-03-07,H26669,자사몰,L-403,무선 LED 무드등,리빙,1,16900,800,16100,광주,신규
2026-03-07,H26670,자사몰,S-301,리빙박스 60L 3p,수납,4,29900,0,119600,경기,재구매
2026-03-07,H26671,오픈마켓,K-103,밀폐 유리 반찬통 4p,주방,2,21900,0,43800,서울,신규
2026-03-07,H26672,오픈마켓,K-103,밀폐 유리 반찬통 4p,주방,2,21900,0,43800,경기,재구매
2026-03-07,H26673,오픈마켓,K-101,스테인리스 텀블러 500ml,주방,3,18900,2800,53900,서울,신규
2026-03-07,H26674,자사몰,L-403,무선 LED 무드등,리빙,1,16900,0,16900,경기,신규
2026-03-07,H26675,자사몰,B-202,대나무 칫솔 4p,욕실,1,7900,800,7100,경기,신규
2026-03-07,H26676,소셜커머스,K-102,실리콘 조리도구 5종 세트,주방,3,24900,11200,63500,부산,재구매
2026-03-07,H26677,오픈마켓,S-303,서랍 칸막이 정리함 6p,수납,2,14900,3000,26800,기타,재구매
2026-03-07,H26678,오픈마켓,K-103,밀폐 유리 반찬통 4p,주방,1,21900,1100,20800,경기,신규
2026-03-08,H26679,오픈마켓,S-304,틈새 이동식 수납장,수납,1,39900,2000,37900,기타,신규
2026-03-08,H26680,소셜커머스,B-204,무타공 욕실 선반,욕실,1,23900,2400,21500,경기,재구매
2026-03-08,H26681,자사몰,K-101,스테인리스 텀블러 500ml,주방,1,18900,0,18900,경기,재구매
2026-03-08,H26682,오픈마켓,D-503,데스크 매트 80x40,데스크,1,17900,900,17000,부산,신규
2026-03-08,H26683,자사몰,S-302,옷걸이 논슬립 30p,수납,1,12900,0,12900,기타,신규
2026-03-08,H26684,오픈마켓,K-102,실리콘 조리도구 5종 세트,주방,1,24900,1200,23700,인천,재구매
2026-03-08,H26685,자사몰,L-404,아로마 디퓨저 200ml,리빙,1,15900,0,15900,서울,신규
2026-03-08,H26686,소셜커머스,D-502,케이블 정리 클립 10p,데스크,1,6900,700,6200,서울,신규
2026-03-08,H26687,자사몰,S-304,틈새 이동식 수납장,수납,1,39900,0,39900,경기,신규
2026-03-08,H26688,자사몰,K-103,밀폐 유리 반찬통 4p,주방,1,21900,0,21900,서울,재구매
2026-03-08,H26689,소셜커머스,K-104,규조토 컵받침 4p,주방,1,9900,1500,8400,경기,재구매
2026-03-08,H26690,오픈마켓,D-502,케이블 정리 클립 10p,데스크,2,6900,1400,12400,경기,재구매
2026-03-08,H26691,자사몰,S-302,옷걸이 논슬립 30p,수납,1,12900,600,12300,서울,재구매
2026-03-08,H26692,오픈마켓,B-203,샤워기 필터 헤드,욕실,3,27900,4200,79500,경기,재구매
2026-03-09,H26693,자사몰,S-302,옷걸이 논슬립 30p,수납,1,12900,600,12300,기타,신규
2026-03-09,H26694,소셜커머스,B-203,샤워기 필터 헤드,욕실,1,27900,2800,25100,서울,신규
2026-03-09,H26695,오픈마켓,K-103,밀폐 유리 반찬통 4p,주방,2,21900,2200,41600,경기,신규
2026-03-09,H26696,소셜커머스,K-105,접이식 식기 건조대,주방,1,32900,4900,28000,경기,신규
2026-03-09,H26697,오픈마켓,K-101,스테인리스 텀블러 500ml,주방,1,18900,1900,17000,서울,신규
2026-03-09,H26698,자사몰,S-301,리빙박스 60L 3p,수납,1,29900,0,29900,서울,신규
2026-03-09,H26699,오픈마켓,B-204,무타공 욕실 선반,욕실,1,23900,1200,22700,기타,재구매
2026-03-09,H26700,자사몰,L-403,무선 LED 무드등,리빙,1,16900,800,16100,경기,신규
2026-03-09,H26701,오픈마켓,D-502,케이블 정리 클립 10p,데스크,1,6900,0,6900,광주,신규
2026-03-09,H26702,오픈마켓,S-301,리빙박스 60L 3p,수납,1,29900,3000,26900,기타,신규
2026-03-09,H26703,오픈마켓,K-103,밀폐 유리 반찬통 4p,주방,1,21900,0,21900,대구,재구매
2026-03-09,H26704,오픈마켓,L-403,무선 LED 무드등,리빙,1,16900,800,16100,부산,신규
2026-03-10,H26705,자사몰,D-502,케이블 정리 클립 10p,데스크,4,6900,2800,24800,대구,재구매
2026-03-10,H26706,자사몰,K-102,실리콘 조리도구 5종 세트,주방,1,24900,0,24900,경기,신규
2026-03-10,H26707,소셜커머스,K-103,밀폐 유리 반찬통 4p,주방,1,21900,2200,19700,인천,신규
2026-03-10,H26708,소셜커머스,S-302,옷걸이 논슬립 30p,수납,1,12900,1300,11600,서울,신규
2026-03-10,H26709,오픈마켓,S-302,옷걸이 논슬립 30p,수납,1,12900,600,12300,경기,재구매
2026-03-10,H26710,자사몰,K-105,접이식 식기 건조대,주방,3,32900,9900,88800,서울,재구매
2026-03-10,H26711,자사몰,L-401,극세사 러그 100x150,리빙,1,34900,1700,33200,서울,신규
2026-03-10,H26712,자사몰,B-202,대나무 칫솔 4p,욕실,1,7900,0,7900,경기,재구매
2026-03-10,H26713,오픈마켓,S-302,옷걸이 논슬립 30p,수납,2,12900,2600,23200,경기,재구매
2026-03-10,H26714,자사몰,L-404,아로마 디퓨저 200ml,리빙,1,15900,0,15900,기타,신규
2026-03-10,H26715,소셜커머스,B-203,샤워기 필터 헤드,욕실,1,27900,2800,25100,경기,신규
2026-03-10,H26716,소셜커머스,S-302,옷걸이 논슬립 30p,수납,1,12900,1300,11600,기타,재구매
2026-03-10,H26717,자사몰,S-301,리빙박스 60L 3p,수납,1,29900,0,29900,대구,신규
2026-03-10,H26718,오픈마켓,B-201,규조토 발매트,욕실,1,19900,0,19900,경기,신규
2026-03-10,H26719,자사몰,D-501,모니터 받침대,데스크,1,26900,0,26900,서울,신규
2026-03-10,H26720,자사몰,K-102,실리콘 조리도구 5종 세트,주방,1,24900,1200,23700,서울,재구매
2026-03-10,H26721,오픈마켓,L-404,아로마 디퓨저 200ml,리빙,1,15900,800,15100,경기,재구매
2026-03-11,H26722,자사몰,D-501,모니터 받침대,데스크,1,26900,2700,24200,경기,신규
2026-03-11,H26723,자사몰,K-105,접이식 식기 건조대,주방,1,32900,0,32900,경기,신규
2026-03-11,H26724,자사몰,L-402,암막 커튼 2장,리빙,1,42900,0,42900,부산,신규
2026-03-11,H26725,오픈마켓,S-301,리빙박스 60L 3p,수납,1,29900,1500,28400,대전,신규
2026-03-11,H26726,소셜커머스,L-404,아로마 디퓨저 200ml,리빙,1,15900,2400,13500,경기,재구매
2026-03-11,H26727,자사몰,K-101,스테인리스 텀블러 500ml,주방,1,18900,0,18900,경기,재구매
2026-03-11,H26728,소셜커머스,B-203,샤워기 필터 헤드,욕실,2,27900,5600,50200,기타,신규
2026-03-11,H26729,자사몰,D-502,케이블 정리 클립 10p,데스크,1,6900,700,6200,대구,신규
2026-03-11,H26730,자사몰,B-201,규조토 발매트,욕실,1,19900,0,19900,인천,재구매
2026-03-11,H26731,자사몰,D-503,데스크 매트 80x40,데스크,1,17900,900,17000,대구,신규
2026-03-11,H26732,자사몰,S-301,리빙박스 60L 3p,수납,1,29900,0,29900,기타,재구매
2026-03-12,H26733,자사몰,D-501,모니터 받침대,데스크,2,26900,0,53800,부산,신규
2026-03-12,H26734,자사몰,K-103,밀폐 유리 반찬통 4p,주방,3,21900,3300,62400,인천,신규
2026-03-12,H26735,소셜커머스,S-302,옷걸이 논슬립 30p,수납,1,12900,1900,11000,기타,재구매
2026-03-12,H26736,오픈마켓,S-304,틈새 이동식 수납장,수납,1,39900,0,39900,경기,신규
2026-03-12,H26737,자사몰,S-303,서랍 칸막이 정리함 6p,수납,1,14900,0,14900,서울,신규
2026-03-12,H26738,소셜커머스,K-104,규조토 컵받침 4p,주방,1,9900,1000,8900,경기,재구매
2026-03-12,H26739,자사몰,L-404,아로마 디퓨저 200ml,리빙,2,15900,0,31800,부산,신규
2026-03-12,H26740,자사몰,K-103,밀폐 유리 반찬통 4p,주방,1,21900,1100,20800,서울,재구매
2026-03-12,H26741,소셜커머스,S-303,서랍 칸막이 정리함 6p,수납,1,14900,1500,13400,대구,신규
2026-03-12,H26742,소셜커머스,K-102,실리콘 조리도구 5종 세트,주방,1,24900,3700,21200,서울,신규
2026-03-12,H26743,오픈마켓,K-105,접이식 식기 건조대,주방,2,32900,3300,62500,경기,신규
2026-03-12,H26744,자사몰,D-502,케이블 정리 클립 10p,데스크,1,6900,700,6200,기타,신규
2026-03-12,H26745,자사몰,B-203,샤워기 필터 헤드,욕실,1,27900,0,27900,부산,재구매
2026-03-13,H26746,자사몰,D-502,케이블 정리 클립 10p,데스크,1,6900,0,6900,서울,신규
2026-03-13,H26747,오픈마켓,D-502,케이블 정리 클립 10p,데스크,1,6900,0,6900,서울,재구매
2026-03-13,H26748,소셜커머스,S-302,옷걸이 논슬립 30p,수납,1,12900,1300,11600,대구,신규
2026-03-13,H26749,오픈마켓,D-501,모니터 받침대,데스크,1,26900,2700,24200,인천,재구매
2026-03-13,H26750,소셜커머스,S-301,리빙박스 60L 3p,수납,2,29900,6000,53800,서울,재구매
2026-03-13,H26751,자사몰,D-502,케이블 정리 클립 10p,데스크,2,6900,0,13800,서울,신규
2026-03-13,H26752,소셜커머스,L-403,무선 LED 무드등,리빙,2,16900,3400,30400,부산,재구매
2026-03-13,H26753,오픈마켓,D-502,케이블 정리 클립 10p,데스크,2,6900,0,13800,서울,신규
2026-03-13,H26754,자사몰,B-201,규조토 발매트,욕실,4,19900,0,79600,서울,신규
2026-03-13,H26755,자사몰,S-301,리빙박스 60L 3p,수납,1,29900,0,29900,서울,신규
2026-03-13,H26756,오픈마켓,L-401,극세사 러그 100x150,리빙,1,34900,0,34900,대전,재구매
2026-03-13,H26757,오픈마켓,K-104,규조토 컵받침 4p,주방,2,9900,0,19800,서울,재구매
2026-03-13,H26758,오픈마켓,L-401,극세사 러그 100x150,리빙,1,34900,3500,31400,경기,신규
2026-03-14,H26759,소셜커머스,K-104,규조토 컵받침 4p,주방,1,9900,1000,8900,경기,재구매
2026-03-14,H26760,오픈마켓,B-204,무타공 욕실 선반,욕실,1,23900,0,23900,경기,신규
2026-03-14,H26761,소셜커머스,B-204,무타공 욕실 선반,욕실,2,23900,4800,43000,서울,신규
2026-03-14,H26762,자사몰,D-501,모니터 받침대,데스크,1,26900,0,26900,대구,신규
2026-03-14,H26763,오픈마켓,L-402,암막 커튼 2장,리빙,1,42900,0,42900,서울,신규
2026-03-14,H26764,자사몰,B-204,무타공 욕실 선반,욕실,1,23900,0,23900,경기,신규
2026-03-14,H26765,자사몰,K-104,규조토 컵받침 4p,주방,2,9900,2000,17800,서울,재구매
2026-03-14,H26766,오픈마켓,L-404,아로마 디퓨저 200ml,리빙,2,15900,3200,28600,인천,재구매
2026-03-14,H26767,오픈마켓,K-102,실리콘 조리도구 5종 세트,주방,1,24900,2500,22400,기타,신규
2026-03-14,H26768,오픈마켓,K-103,밀폐 유리 반찬통 4p,주방,1,21900,0,21900,서울,신규
2026-03-14,H26769,자사몰,L-403,무선 LED 무드등,리빙,2,16900,1700,32100,서울,신규
2026-03-14,H26770,자사몰,B-202,대나무 칫솔 4p,욕실,2,7900,1600,14200,경기,재구매
2026-03-14,H26771,자사몰,S-303,서랍 칸막이 정리함 6p,수납,2,14900,0,29800,기타,재구매
2026-03-14,H26772,오픈마켓,L-402,암막 커튼 2장,리빙,1,42900,0,42900,기타,신규
2026-03-14,H26773,자사몰,S-304,틈새 이동식 수납장,수납,1,39900,4000,35900,서울,신규
2026-03-14,H26774,오픈마켓,B-203,샤워기 필터 헤드,욕실,2,27900,5600,50200,대전,신규
2026-03-14,H26775,자사몰,L-403,무선 LED 무드등,리빙,1,16900,1700,15200,경기,재구매
2026-03-15,H26776,오픈마켓,K-102,실리콘 조리도구 5종 세트,주방,1,24900,1200,23700,부산,재구매
2026-03-15,H26777,오픈마켓,L-404,아로마 디퓨저 200ml,리빙,2,15900,3200,28600,서울,재구매
2026-03-15,H26778,자사몰,K-105,접이식 식기 건조대,주방,1,32900,0,32900,인천,재구매
2026-03-15,H26779,오픈마켓,D-502,케이블 정리 클립 10p,데스크,2,6900,1400,12400,부산,재구매
2026-03-15,H26780,자사몰,S-302,옷걸이 논슬립 30p,수납,2,12900,0,25800,대구,재구매
2026-03-15,H26781,소셜커머스,D-502,케이블 정리 클립 10p,데스크,2,6900,2100,11700,경기,신규
2026-03-15,H26782,오픈마켓,K-103,밀폐 유리 반찬통 4p,주방,3,21900,0,65700,경기,신규
2026-03-15,H26783,오픈마켓,D-503,데스크 매트 80x40,데스크,1,17900,0,17900,대전,신규
2026-03-15,H26784,자사몰,B-201,규조토 발매트,욕실,1,19900,2000,17900,인천,재구매
2026-03-15,H26785,자사몰,L-401,극세사 러그 100x150,리빙,1,34900,3500,31400,인천,신규
2026-03-15,H26786,자사몰,D-503,데스크 매트 80x40,데스크,1,17900,0,17900,경기,신규
2026-03-15,H26787,소셜커머스,K-101,스테인리스 텀블러 500ml,주방,1,18900,2800,16100,서울,신규
2026-03-15,H26788,오픈마켓,L-404,아로마 디퓨저 200ml,리빙,2,15900,3200,28600,경기,신규
2026-03-15,H26789,자사몰,K-101,스테인리스 텀블러 500ml,주방,1,18900,1900,17000,대전,신규
2026-03-15,H26790,자사몰,S-301,리빙박스 60L 3p,수납,2,29900,0,59800,광주,신규
2026-03-16,H26791,자사몰,K-104,규조토 컵받침 4p,주방,1,9900,0,9900,서울,재구매
2026-03-16,H26792,소셜커머스,K-103,밀폐 유리 반찬통 4p,주방,3,21900,9900,55800,대구,신규
2026-03-16,H26793,자사몰,K-103,밀폐 유리 반찬통 4p,주방,1,21900,1100,20800,서울,신규
2026-03-16,H26794,자사몰,S-302,옷걸이 논슬립 30p,수납,1,12900,1300,11600,서울,재구매
2026-03-16,H26795,자사몰,K-105,접이식 식기 건조대,주방,2,32900,0,65800,서울,신규
2026-03-16,H26796,오픈마켓,D-502,케이블 정리 클립 10p,데스크,1,6900,700,6200,기타,재구매
2026-03-16,H26797,자사몰,L-403,무선 LED 무드등,리빙,1,16900,0,16900,부산,신규
2026-03-16,H26798,소셜커머스,K-103,밀폐 유리 반찬통 4p,주방,1,21900,3300,18600,서울,신규
2026-03-16,H26799,오픈마켓,B-202,대나무 칫솔 4p,욕실,2,7900,800,15000,경기,재구매
2026-03-17,H26800,오픈마켓,D-502,케이블 정리 클립 10p,데스크,3,6900,1000,19700,서울,신규
2026-03-17,H26801,자사몰,L-403,무선 LED 무드등,리빙,1,16900,0,16900,서울,신규
2026-03-17,H26802,자사몰,L-401,극세사 러그 100x150,리빙,1,34900,1700,33200,서울,신규
2026-03-17,H26803,오픈마켓,K-103,밀폐 유리 반찬통 4p,주방,2,21900,0,43800,기타,신규
2026-03-17,H26804,소셜커머스,K-101,스테인리스 텀블러 500ml,주방,1,18900,1900,17000,서울,재구매
2026-03-17,H26805,오픈마켓,L-402,암막 커튼 2장,리빙,1,42900,2100,40800,서울,신규
2026-03-17,H26806,오픈마켓,K-101,스테인리스 텀블러 500ml,주방,1,18900,1900,17000,경기,신규
2026-03-17,H26807,자사몰,B-201,규조토 발매트,욕실,1,19900,1000,18900,경기,재구매
2026-03-17,H26808,자사몰,D-501,모니터 받침대,데스크,3,26900,0,80700,인천,재구매
2026-03-17,H26809,오픈마켓,D-503,데스크 매트 80x40,데스크,3,17900,0,53700,서울,신규
2026-03-17,H26810,오픈마켓,L-402,암막 커튼 2장,리빙,1,42900,4300,38600,기타,신규
2026-03-17,H26811,오픈마켓,B-203,샤워기 필터 헤드,욕실,1,27900,1400,26500,경기,신규
2026-03-17,H26812,오픈마켓,D-502,케이블 정리 클립 10p,데스크,1,6900,0,6900,서울,재구매
2026-03-18,H26813,소셜커머스,L-403,무선 LED 무드등,리빙,2,16900,5100,28700,부산,재구매
2026-03-18,H26814,소셜커머스,B-202,대나무 칫솔 4p,욕실,1,7900,1200,6700,기타,신규
2026-03-18,H26815,자사몰,S-302,옷걸이 논슬립 30p,수납,1,12900,0,12900,서울,재구매
2026-03-18,H26816,자사몰,S-301,리빙박스 60L 3p,수납,1,29900,3000,26900,경기,신규
2026-03-18,H26817,오픈마켓,D-501,모니터 받침대,데스크,2,26900,5400,48400,경기,재구매
2026-03-18,H26818,오픈마켓,K-104,규조토 컵받침 4p,주방,1,9900,0,9900,인천,재구매
2026-03-18,H26819,소셜커머스,D-501,모니터 받침대,데스크,1,26900,4000,22900,경기,재구매
2026-03-18,H26820,자사몰,B-203,샤워기 필터 헤드,욕실,1,27900,1400,26500,경기,재구매
2026-03-18,H26821,자사몰,S-302,옷걸이 논슬립 30p,수납,1,12900,0,12900,광주,재구매
2026-03-18,H26822,자사몰,B-201,규조토 발매트,욕실,1,19900,0,19900,경기,신규
2026-03-18,H26823,소셜커머스,B-202,대나무 칫솔 4p,욕실,1,7900,1200,6700,경기,재구매
2026-03-18,H26824,자사몰,B-204,무타공 욕실 선반,욕실,2,23900,2400,45400,기타,신규
2026-03-18,H26825,자사몰,S-302,옷걸이 논슬립 30p,수납,1,12900,0,12900,기타,신규
2026-03-18,H26826,자사몰,S-304,틈새 이동식 수납장,수납,1,39900,0,39900,서울,재구매
2026-03-18,H26827,자사몰,B-201,규조토 발매트,욕실,4,19900,0,79600,경기,재구매
2026-03-19,H26828,자사몰,B-203,샤워기 필터 헤드,욕실,1,27900,1400,26500,기타,재구매
2026-03-19,H26829,오픈마켓,K-101,스테인리스 텀블러 500ml,주방,1,18900,900,18000,서울,재구매
2026-03-19,H26830,소셜커머스,B-201,규조토 발매트,욕실,1,19900,3000,16900,서울,재구매
2026-03-19,H26831,자사몰,B-202,대나무 칫솔 4p,욕실,1,7900,0,7900,서울,신규
2026-03-19,H26832,자사몰,B-203,샤워기 필터 헤드,욕실,4,27900,0,111600,경기,신규
2026-03-19,H26833,오픈마켓,B-201,규조토 발매트,욕실,2,19900,0,39800,경기,신규
2026-03-19,H26834,오픈마켓,K-103,밀폐 유리 반찬통 4p,주방,1,21900,1100,20800,경기,재구매
2026-03-19,H26835,소셜커머스,D-501,모니터 받침대,데스크,1,26900,2700,24200,부산,신규
2026-03-19,H26836,소셜커머스,D-502,케이블 정리 클립 10p,데스크,1,6900,1000,5900,기타,신규
2026-03-19,H26837,자사몰,S-301,리빙박스 60L 3p,수납,3,29900,0,89700,기타,신규
2026-03-19,H26838,자사몰,B-202,대나무 칫솔 4p,욕실,3,7900,0,23700,서울,재구매
2026-03-19,H26839,오픈마켓,S-301,리빙박스 60L 3p,수납,3,29900,9000,80700,부산,신규
2026-03-19,H26840,소셜커머스,S-303,서랍 칸막이 정리함 6p,수납,1,14900,2200,12700,경기,재구매
2026-03-19,H26841,오픈마켓,K-101,스테인리스 텀블러 500ml,주방,1,18900,900,18000,경기,신규
2026-03-20,H26842,자사몰,K-103,밀폐 유리 반찬통 4p,주방,3,21900,6600,59100,경기,재구매
2026-03-20,H26843,자사몰,S-303,서랍 칸막이 정리함 6p,수납,2,14900,0,29800,경기,신규
2026-03-20,H26844,오픈마켓,L-403,무선 LED 무드등,리빙,2,16900,1700,32100,경기,신규
2026-03-20,H26845,자사몰,L-403,무선 LED 무드등,리빙,1,16900,0,16900,기타,신규
2026-03-20,H26846,오픈마켓,K-102,실리콘 조리도구 5종 세트,주방,1,24900,2500,22400,대구,재구매
2026-03-20,H26847,자사몰,K-101,스테인리스 텀블러 500ml,주방,1,18900,0,18900,경기,재구매
2026-03-20,H26848,자사몰,L-401,극세사 러그 100x150,리빙,2,34900,0,69800,경기,재구매
2026-03-20,H26849,오픈마켓,B-201,규조토 발매트,욕실,4,19900,8000,71600,대구,신규
2026-03-20,H26850,자사몰,B-201,규조토 발매트,욕실,2,19900,0,39800,기타,신규
2026-03-20,H26851,자사몰,K-101,스테인리스 텀블러 500ml,주방,1,18900,0,18900,경기,신규
2026-03-20,H26852,자사몰,K-103,밀폐 유리 반찬통 4p,주방,1,21900,0,21900,경기,신규
2026-03-20,H26853,자사몰,D-502,케이블 정리 클립 10p,데스크,2,6900,0,13800,기타,재구매
2026-03-20,H26854,오픈마켓,K-103,밀폐 유리 반찬통 4p,주방,1,21900,2200,19700,서울,재구매
2026-03-21,H26855,자사몰,B-204,무타공 욕실 선반,욕실,2,23900,0,47800,인천,재구매
2026-03-21,H26856,자사몰,L-401,극세사 러그 100x150,리빙,1,34900,0,34900,인천,신규
2026-03-21,H26857,오픈마켓,L-404,아로마 디퓨저 200ml,리빙,1,15900,0,15900,기타,신규
2026-03-21,H26858,오픈마켓,B-201,규조토 발매트,욕실,1,19900,1000,18900,대전,신규
2026-03-21,H26859,자사몰,S-302,옷걸이 논슬립 30p,수납,1,12900,0,12900,서울,신규
2026-03-21,H26860,오픈마켓,D-503,데스크 매트 80x40,데스크,1,17900,900,17000,서울,신규
2026-03-21,H26861,자사몰,D-503,데스크 매트 80x40,데스크,2,17900,0,35800,대전,재구매
2026-03-21,H26862,오픈마켓,D-502,케이블 정리 클립 10p,데스크,1,6900,300,6600,기타,신규
2026-03-21,H26863,자사몰,K-101,스테인리스 텀블러 500ml,주방,1,18900,0,18900,서울,신규
2026-03-21,H26864,자사몰,K-103,밀폐 유리 반찬통 4p,주방,3,21900,0,65700,서울,재구매
2026-03-21,H26865,오픈마켓,K-101,스테인리스 텀블러 500ml,주방,1,18900,900,18000,광주,신규
2026-03-21,H26866,자사몰,L-403,무선 LED 무드등,리빙,2,16900,3400,30400,기타,신규
2026-03-21,H26867,자사몰,K-105,접이식 식기 건조대,주방,2,32900,0,65800,기타,신규
2026-03-21,H26868,오픈마켓,L-403,무선 LED 무드등,리빙,1,16900,0,16900,경기,재구매
2026-03-21,H26869,소셜커머스,S-304,틈새 이동식 수납장,수납,1,39900,4000,35900,광주,신규
2026-03-21,H26870,자사몰,B-202,대나무 칫솔 4p,욕실,2,7900,800,15000,서울,신규
2026-03-21,H26871,소셜커머스,K-103,밀폐 유리 반찬통 4p,주방,1,21900,3300,18600,경기,재구매
2026-03-21,H26872,자사몰,S-303,서랍 칸막이 정리함 6p,수납,1,14900,0,14900,인천,신규
2026-03-21,H26873,오픈마켓,B-202,대나무 칫솔 4p,욕실,1,7900,400,7500,기타,재구매
2026-03-21,H26874,오픈마켓,B-204,무타공 욕실 선반,욕실,2,23900,2400,45400,인천,재구매
2026-03-22,H26875,오픈마켓,B-203,샤워기 필터 헤드,욕실,1,27900,0,27900,경기,신규
2026-03-22,H26876,소셜커머스,D-501,모니터 받침대,데스크,1,26900,4000,22900,대구,재구매
2026-03-22,H26877,오픈마켓,S-303,서랍 칸막이 정리함 6p,수납,2,14900,0,29800,인천,재구매
2026-03-22,H26878,자사몰,K-102,실리콘 조리도구 5종 세트,주방,3,24900,0,74700,인천,재구매
2026-03-22,H26879,소셜커머스,L-402,암막 커튼 2장,리빙,1,42900,6400,36500,기타,재구매
2026-03-22,H26880,소셜커머스,D-502,케이블 정리 클립 10p,데스크,1,6900,1000,5900,부산,재구매
2026-03-22,H26881,자사몰,B-203,샤워기 필터 헤드,욕실,3,27900,8400,75300,인천,신규
2026-03-22,H26882,오픈마켓,S-301,리빙박스 60L 3p,수납,2,29900,3000,56800,기타,재구매
2026-03-22,H26883,오픈마켓,D-503,데스크 매트 80x40,데스크,1,17900,1800,16100,대구,신규
2026-03-22,H26884,오픈마켓,B-202,대나무 칫솔 4p,욕실,1,7900,400,7500,서울,신규
2026-03-22,H26885,자사몰,K-102,실리콘 조리도구 5종 세트,주방,4,24900,5000,94600,경기,재구매
2026-03-22,H26886,자사몰,L-404,아로마 디퓨저 200ml,리빙,1,15900,1600,14300,경기,재구매
2026-03-22,H26887,자사몰,K-105,접이식 식기 건조대,주방,2,32900,6600,59200,서울,신규
2026-03-22,H26888,오픈마켓,S-301,리빙박스 60L 3p,수납,1,29900,3000,26900,서울,신규
2026-03-22,H26889,자사몰,B-204,무타공 욕실 선반,욕실,1,23900,0,23900,기타,재구매
2026-03-23,H26890,오픈마켓,L-401,극세사 러그 100x150,리빙,1,34900,0,34900,서울,신규
2026-03-23,H26891,오픈마켓,B-203,샤워기 필터 헤드,욕실,2,27900,2800,53000,대전,재구매
2026-03-23,H26892,자사몰,K-104,규조토 컵받침 4p,주방,1,9900,500,9400,인천,신규
2026-03-23,H26893,자사몰,K-102,실리콘 조리도구 5종 세트,주방,2,24900,5000,44800,부산,재구매
2026-03-23,H26894,자사몰,K-105,접이식 식기 건조대,주방,2,32900,0,65800,경기,신규
2026-03-23,H26895,자사몰,S-303,서랍 칸막이 정리함 6p,수납,1,14900,700,14200,서울,재구매
2026-03-23,H26896,자사몰,D-503,데스크 매트 80x40,데스크,1,17900,0,17900,서울,신규
2026-03-23,H26897,오픈마켓,S-304,틈새 이동식 수납장,수납,2,39900,4000,75800,광주,신규
2026-03-23,H26898,자사몰,K-101,스테인리스 텀블러 500ml,주방,1,18900,0,18900,경기,신규
2026-03-23,H26899,자사몰,D-501,모니터 받침대,데스크,1,26900,2700,24200,기타,재구매
2026-03-23,H26900,오픈마켓,L-403,무선 LED 무드등,리빙,2,16900,1700,32100,부산,신규
2026-03-23,H26901,자사몰,K-101,스테인리스 텀블러 500ml,주방,2,18900,0,37800,부산,재구매
2026-03-23,H26902,자사몰,D-503,데스크 매트 80x40,데스크,2,17900,0,35800,서울,재구매
2026-03-23,H26903,오픈마켓,L-404,아로마 디퓨저 200ml,리빙,1,15900,800,15100,서울,신규
2026-03-23,H26904,자사몰,S-303,서랍 칸막이 정리함 6p,수납,2,14900,0,29800,인천,재구매
2026-03-24,H26905,자사몰,S-303,서랍 칸막이 정리함 6p,수납,1,14900,700,14200,서울,재구매
2026-03-24,H26906,오픈마켓,B-203,샤워기 필터 헤드,욕실,1,27900,1400,26500,인천,재구매
2026-03-24,H26907,자사몰,B-203,샤워기 필터 헤드,욕실,1,27900,0,27900,서울,재구매
2026-03-24,H26908,소셜커머스,D-501,모니터 받침대,데스크,1,26900,4000,22900,서울,재구매
2026-03-24,H26909,소셜커머스,B-202,대나무 칫솔 4p,욕실,1,7900,800,7100,경기,신규
2026-03-24,H26910,자사몰,D-501,모니터 받침대,데스크,1,26900,0,26900,서울,재구매
2026-03-24,H26911,오픈마켓,L-404,아로마 디퓨저 200ml,리빙,2,15900,3200,28600,인천,재구매
2026-03-24,H26912,소셜커머스,L-404,아로마 디퓨저 200ml,리빙,2,15900,3200,28600,서울,재구매
2026-03-24,H26913,자사몰,B-203,샤워기 필터 헤드,욕실,1,27900,1400,26500,부산,재구매
2026-03-24,H26914,소셜커머스,K-105,접이식 식기 건조대,주방,1,32900,4900,28000,대구,재구매
2026-03-24,H26915,자사몰,K-104,규조토 컵받침 4p,주방,2,9900,0,19800,대구,재구매
2026-03-24,H26916,소셜커머스,K-105,접이식 식기 건조대,주방,2,32900,9900,55900,부산,신규
2026-03-24,H26917,자사몰,L-403,무선 LED 무드등,리빙,2,16900,0,33800,인천,재구매
2026-03-25,H26918,자사몰,S-303,서랍 칸막이 정리함 6p,수납,4,14900,0,59600,기타,재구매
2026-03-25,H26919,오픈마켓,K-103,밀폐 유리 반찬통 4p,주방,1,21900,2200,19700,기타,재구매
2026-03-25,H26920,자사몰,K-102,실리콘 조리도구 5종 세트,주방,3,24900,3700,71000,경기,신규
2026-03-25,H26921,오픈마켓,S-302,옷걸이 논슬립 30p,수납,1,12900,1300,11600,광주,신규
2026-03-25,H26922,오픈마켓,L-402,암막 커튼 2장,리빙,1,42900,0,42900,기타,재구매
2026-03-25,H26923,자사몰,K-102,실리콘 조리도구 5종 세트,주방,1,24900,1200,23700,기타,신규
2026-03-25,H26924,오픈마켓,D-501,모니터 받침대,데스크,1,26900,2700,24200,대전,신규
2026-03-25,H26925,자사몰,K-101,스테인리스 텀블러 500ml,주방,3,18900,0,56700,인천,재구매
2026-03-25,H26926,자사몰,S-303,서랍 칸막이 정리함 6p,수납,1,14900,0,14900,서울,신규
2026-03-25,H26927,오픈마켓,L-402,암막 커튼 2장,리빙,1,42900,0,42900,기타,신규
2026-03-25,H26928,자사몰,K-102,실리콘 조리도구 5종 세트,주방,1,24900,2500,22400,서울,신규
2026-03-25,H26929,오픈마켓,K-103,밀폐 유리 반찬통 4p,주방,1,21900,2200,19700,인천,재구매
2026-03-25,H26930,오픈마켓,K-103,밀폐 유리 반찬통 4p,주방,1,21900,2200,19700,서울,신규
2026-03-25,H26931,소셜커머스,D-501,모니터 받침대,데스크,1,26900,4000,22900,서울,신규
2026-03-25,H26932,자사몰,D-502,케이블 정리 클립 10p,데스크,1,6900,300,6600,서울,신규
2026-03-25,H26933,라이브방송,L-404,아로마 디퓨저 200ml,리빙,1,15900,3200,12700,인천,신규
2026-03-25,H26934,라이브방송,S-302,옷걸이 논슬립 30p,수납,1,12900,2600,10300,기타,재구매
2026-03-25,H26935,라이브방송,L-404,아로마 디퓨저 200ml,리빙,1,15900,3200,12700,경기,신규
2026-03-25,H26936,라이브방송,S-301,리빙박스 60L 3p,수납,2,29900,12000,47800,서울,신규
2026-03-25,H26937,라이브방송,K-103,밀폐 유리 반찬통 4p,주방,1,21900,4400,17500,서울,신규
2026-03-25,H26938,라이브방송,S-301,리빙박스 60L 3p,수납,1,29900,6000,23900,경기,재구매
2026-03-25,H26939,라이브방송,L-404,아로마 디퓨저 200ml,리빙,4,15900,12700,50900,서울,재구매
2026-03-25,H26940,라이브방송,K-103,밀폐 유리 반찬통 4p,주방,2,21900,8800,35000,기타,재구매
2026-03-25,H26941,라이브방송,K-103,밀폐 유리 반찬통 4p,주방,1,21900,4400,17500,기타,신규
2026-03-25,H26942,라이브방송,K-101,스테인리스 텀블러 500ml,주방,1,18900,3800,15100,대전,신규
2026-03-25,H26943,라이브방송,L-404,아로마 디퓨저 200ml,리빙,1,15900,3200,12700,부산,신규
2026-03-25,H26944,라이브방송,K-101,스테인리스 텀블러 500ml,주방,1,18900,3800,15100,부산,재구매
2026-03-25,H26945,라이브방송,K-103,밀폐 유리 반찬통 4p,주방,2,21900,8800,35000,경기,신규
2026-03-25,H26946,라이브방송,K-103,밀폐 유리 반찬통 4p,주방,1,21900,4400,17500,인천,재구매
2026-03-25,H26947,라이브방송,D-502,케이블 정리 클립 10p,데스크,1,6900,1400,5500,서울,신규
2026-03-25,H26948,라이브방송,L-401,극세사 러그 100x150,리빙,2,34900,14000,55800,경기,재구매
2026-03-25,H26949,라이브방송,K-103,밀폐 유리 반찬통 4p,주방,1,21900,4400,17500,서울,재구매
2026-03-25,H26950,라이브방송,L-404,아로마 디퓨저 200ml,리빙,2,15900,6400,25400,서울,신규
2026-03-25,H26951,라이브방송,K-103,밀폐 유리 반찬통 4p,주방,1,21900,4400,17500,기타,신규
2026-03-25,H26952,라이브방송,K-105,접이식 식기 건조대,주방,1,32900,6600,26300,인천,재구매
2026-03-25,H26953,라이브방송,K-101,스테인리스 텀블러 500ml,주방,1,18900,3800,15100,부산,재구매
2026-03-25,H26954,라이브방송,K-103,밀폐 유리 반찬통 4p,주방,2,21900,8800,35000,경기,재구매
2026-03-25,H26955,라이브방송,K-101,스테인리스 텀블러 500ml,주방,3,18900,11300,45400,부산,신규
2026-03-25,H26956,라이브방송,K-101,스테인리스 텀블러 500ml,주방,1,18900,3800,15100,서울,신규
2026-03-25,H26957,라이브방송,K-101,스테인리스 텀블러 500ml,주방,3,18900,11300,45400,대전,재구매
2026-03-25,H26958,라이브방송,K-101,스테인리스 텀블러 500ml,주방,2,18900,7600,30200,대구,재구매
2026-03-25,H26959,라이브방송,K-103,밀폐 유리 반찬통 4p,주방,1,21900,4400,17500,서울,신규
2026-03-25,H26960,라이브방송,K-101,스테인리스 텀블러 500ml,주방,1,18900,3800,15100,경기,신규
2026-03-25,H26961,라이브방송,L-403,무선 LED 무드등,리빙,1,16900,3400,13500,경기,재구매
2026-03-25,H26962,라이브방송,K-101,스테인리스 텀블러 500ml,주방,2,18900,7600,30200,경기,신규
2026-03-25,H26963,라이브방송,K-101,스테인리스 텀블러 500ml,주방,1,18900,3800,15100,서울,신규
2026-03-25,H26964,라이브방송,L-404,아로마 디퓨저 200ml,리빙,1,15900,3200,12700,대구,신규
2026-03-25,H26965,라이브방송,K-103,밀폐 유리 반찬통 4p,주방,1,21900,4400,17500,부산,신규
2026-03-25,H26966,라이브방송,K-101,스테인리스 텀블러 500ml,주방,3,18900,11300,45400,경기,신규
2026-03-25,H26967,라이브방송,B-201,규조토 발매트,욕실,2,19900,8000,31800,경기,신규
2026-03-25,H26968,라이브방송,S-302,옷걸이 논슬립 30p,수납,1,12900,2600,10300,경기,재구매
2026-03-25,H26969,라이브방송,K-101,스테인리스 텀블러 500ml,주방,1,18900,3800,15100,부산,신규
2026-03-25,H26970,라이브방송,K-101,스테인리스 텀블러 500ml,주방,2,18900,7600,30200,기타,재구매
2026-03-25,H26971,라이브방송,S-302,옷걸이 논슬립 30p,수납,1,12900,2600,10300,서울,신규
2026-03-25,H26972,라이브방송,D-502,케이블 정리 클립 10p,데스크,1,6900,1400,5500,대전,재구매
2026-03-25,H26973,라이브방송,L-404,아로마 디퓨저 200ml,리빙,3,15900,9500,38200,기타,재구매
2026-03-25,H26974,라이브방송,K-101,스테인리스 텀블러 500ml,주방,2,18900,7600,30200,서울,신규
2026-03-25,H26975,라이브방송,K-101,스테인리스 텀블러 500ml,주방,1,18900,3800,15100,경기,신규
2026-03-25,H26976,라이브방송,K-103,밀폐 유리 반찬통 4p,주방,1,21900,4400,17500,경기,신규
2026-03-25,H26977,라이브방송,L-404,아로마 디퓨저 200ml,리빙,1,15900,3200,12700,기타,신규
2026-03-25,H26978,라이브방송,K-101,스테인리스 텀블러 500ml,주방,1,18900,3800,15100,인천,신규
2026-03-26,H26979,자사몰,B-202,대나무 칫솔 4p,욕실,1,7900,0,7900,경기,재구매
2026-03-26,H26980,자사몰,L-401,극세사 러그 100x150,리빙,1,34900,0,34900,서울,신규
2026-03-26,H26981,오픈마켓,S-302,옷걸이 논슬립 30p,수납,2,12900,1300,24500,인천,재구매
2026-03-26,H26982,오픈마켓,L-404,아로마 디퓨저 200ml,리빙,1,15900,0,15900,인천,재구매
2026-03-26,H26983,자사몰,D-502,케이블 정리 클립 10p,데스크,1,6900,0,6900,경기,재구매
2026-03-26,H26984,오픈마켓,L-403,무선 LED 무드등,리빙,1,16900,800,16100,기타,신규
2026-03-26,H26985,자사몰,L-404,아로마 디퓨저 200ml,리빙,4,15900,6400,57200,경기,재구매
2026-03-26,H26986,자사몰,L-404,아로마 디퓨저 200ml,리빙,1,15900,800,15100,부산,재구매
2026-03-26,H26987,오픈마켓,K-102,실리콘 조리도구 5종 세트,주방,2,24900,5000,44800,부산,재구매
2026-03-26,H26988,자사몰,K-103,밀폐 유리 반찬통 4p,주방,1,21900,0,21900,서울,신규
2026-03-26,H26989,소셜커머스,L-401,극세사 러그 100x150,리빙,1,34900,3500,31400,인천,재구매
2026-03-26,H26990,소셜커머스,D-501,모니터 받침대,데스크,3,26900,8100,72600,대전,재구매
2026-03-26,H26991,오픈마켓,L-403,무선 LED 무드등,리빙,1,16900,1700,15200,인천,재구매
2026-03-26,H26992,자사몰,D-503,데스크 매트 80x40,데스크,1,17900,1800,16100,부산,신규
2026-03-26,H26993,자사몰,B-204,무타공 욕실 선반,욕실,2,23900,2400,45400,경기,신규
2026-03-27,H26994,오픈마켓,K-103,밀폐 유리 반찬통 4p,주방,1,21900,0,21900,서울,신규
2026-03-27,H26995,자사몰,S-303,서랍 칸막이 정리함 6p,수납,2,14900,1500,28300,광주,신규
2026-03-27,H26996,오픈마켓,B-202,대나무 칫솔 4p,욕실,1,7900,400,7500,서울,신규
2026-03-27,H26997,자사몰,K-102,실리콘 조리도구 5종 세트,주방,1,24900,0,24900,서울,신규
2026-03-27,H26998,오픈마켓,S-302,옷걸이 논슬립 30p,수납,3,12900,3900,34800,기타,재구매
2026-03-27,H26999,자사몰,B-202,대나무 칫솔 4p,욕실,2,7900,0,15800,인천,재구매
2026-03-27,H27000,자사몰,L-404,아로마 디퓨저 200ml,리빙,1,15900,1600,14300,인천,신규
2026-03-27,H27001,오픈마켓,D-502,케이블 정리 클립 10p,데스크,1,6900,300,6600,서울,재구매
2026-03-27,H27002,자사몰,K-103,밀폐 유리 반찬통 4p,주방,1,21900,2200,19700,기타,재구매
2026-03-27,H27003,자사몰,K-103,밀폐 유리 반찬통 4p,주방,1,21900,0,21900,서울,신규
2026-03-27,H27004,자사몰,K-105,접이식 식기 건조대,주방,1,32900,1600,31300,대구,신규
2026-03-27,H27005,자사몰,L-403,무선 LED 무드등,리빙,1,16900,800,16100,대전,신규
2026-03-28,H27006,오픈마켓,L-403,무선 LED 무드등,리빙,3,16900,5100,45600,인천,신규
2026-03-28,H27007,오픈마켓,L-404,아로마 디퓨저 200ml,리빙,2,15900,1600,30200,인천,신규
2026-03-28,H27008,자사몰,S-302,옷걸이 논슬립 30p,수납,1,12900,0,12900,서울,신규
2026-03-28,H27009,자사몰,K-102,실리콘 조리도구 5종 세트,주방,2,24900,0,49800,기타,신규
2026-03-28,H27010,자사몰,D-502,케이블 정리 클립 10p,데스크,2,6900,0,13800,경기,신규
2026-03-28,H27011,자사몰,L-402,암막 커튼 2장,리빙,1,42900,0,42900,경기,신규
2026-03-28,H27012,오픈마켓,L-403,무선 LED 무드등,리빙,2,16900,3400,30400,서울,재구매
2026-03-28,H27013,자사몰,L-404,아로마 디퓨저 200ml,리빙,4,15900,0,63600,서울,재구매
2026-03-28,H27014,자사몰,S-304,틈새 이동식 수납장,수납,1,39900,0,39900,대전,신규
2026-03-28,H27015,오픈마켓,K-102,실리콘 조리도구 5종 세트,주방,2,24900,5000,44800,경기,재구매
2026-03-28,H27016,오픈마켓,B-201,규조토 발매트,욕실,1,19900,0,19900,기타,신규
2026-03-28,H27017,소셜커머스,K-102,실리콘 조리도구 5종 세트,주방,1,24900,3700,21200,기타,재구매
2026-03-28,H27018,오픈마켓,S-302,옷걸이 논슬립 30p,수납,3,12900,3900,34800,대구,재구매
2026-03-28,H27019,자사몰,K-104,규조토 컵받침 4p,주방,1,9900,500,9400,서울,신규
2026-03-28,H27020,자사몰,B-202,대나무 칫솔 4p,욕실,1,7900,400,7500,광주,재구매
2026-03-29,H27021,자사몰,S-302,옷걸이 논슬립 30p,수납,1,12900,0,12900,경기,신규
2026-03-29,H27022,자사몰,L-403,무선 LED 무드등,리빙,2,16900,1700,32100,서울,신규
2026-03-29,H27023,오픈마켓,S-301,리빙박스 60L 3p,수납,1,29900,1500,28400,부산,신규
2026-03-29,H27024,오픈마켓,L-401,극세사 러그 100x150,리빙,1,34900,0,34900,인천,신규
2026-03-29,H27025,오픈마켓,D-501,모니터 받침대,데스크,3,26900,8100,72600,기타,재구매
2026-03-29,H27026,자사몰,S-302,옷걸이 논슬립 30p,수납,1,12900,0,12900,기타,재구매
2026-03-29,H27027,자사몰,K-101,스테인리스 텀블러 500ml,주방,1,18900,0,18900,서울,재구매
2026-03-29,H27028,자사몰,S-304,틈새 이동식 수납장,수납,1,39900,4000,35900,서울,신규
2026-03-29,H27029,자사몰,L-404,아로마 디퓨저 200ml,리빙,1,15900,1600,14300,서울,재구매
2026-03-29,H27030,오픈마켓,D-502,케이블 정리 클립 10p,데스크,2,6900,0,13800,서울,신규
2026-03-29,H27031,오픈마켓,K-102,실리콘 조리도구 5종 세트,주방,1,24900,0,24900,서울,신규
2026-03-29,H27032,자사몰,B-202,대나무 칫솔 4p,욕실,1,7900,0,7900,부산,신규
2026-03-29,H27033,자사몰,K-101,스테인리스 텀블러 500ml,주방,1,18900,0,18900,기타,신규
2026-03-29,H27034,오픈마켓,K-101,스테인리스 텀블러 500ml,주방,2,18900,3800,34000,기타,신규
2026-03-29,H27035,오픈마켓,D-502,케이블 정리 클립 10p,데스크,2,6900,700,13100,인천,신규
2026-03-29,H27036,자사몰,B-204,무타공 욕실 선반,욕실,2,23900,2400,45400,서울,재구매
2026-03-29,H27037,자사몰,K-102,실리콘 조리도구 5종 세트,주방,1,24900,2500,22400,경기,신규
