주차,주 시작일,채널,광고비
1,2026-01-05,자사몰,438000
1,2026-01-05,오픈마켓,294000
1,2026-01-05,소셜커머스,172000
2,2026-01-12,자사몰,410000
2,2026-01-12,오픈마켓,329000
2,2026-01-12,소셜커머스,181000
3,2026-01-19,자사몰,501000
3,2026-01-19,오픈마켓,306000
3,2026-01-19,소셜커머스,200000
4,2026-01-26,자사몰,503000
4,2026-01-26,오픈마켓,357000
4,2026-01-26,소셜커머스,193000
5,2026-02-02,자사몰,490000
5,2026-02-02,오픈마켓,359000
5,2026-02-02,소셜커머스,203000
6,2026-02-09,자사몰,533000
6,2026-02-09,오픈마켓,342000
6,2026-02-09,소셜커머스,223000
6,2026-02-09,라이브방송,350000
7,2026-02-16,자사몰,544000
7,2026-02-16,오픈마켓,380000
7,2026-02-16,소셜커머스,238000
8,2026-02-23,자사몰,530000
8,2026-02-23,오픈마켓,348000
8,2026-02-23,소셜커머스,217000
9,2026-03-02,자사몰,582000
9,2026-03-02,오픈마켓,379000
9,2026-03-02,소셜커머스,224000
9,2026-03-02,라이브방송,350000
10,2026-03-09,자사몰,537000
10,2026-03-09,오픈마켓,416000
10,2026-03-09,소셜커머스,233000
11,2026-03-16,자사몰,572000
11,2026-03-16,오픈마켓,375000
11,2026-03-16,소셜커머스,262000
12,2026-03-23,자사몰,517000
12,2026-03-23,오픈마켓,391000
12,2026-03-23,소셜커머스,235000
12,2026-03-23,라이브방송,600000
