번호,분류,문제,정답,오답 1,오답 2,오답 3,풀이
1,속담,가는 말이 고와야 오는 말이 ( ),곱다,크다,많다,빠르다,내가 남에게 좋게 말해야 남도 나에게 좋게 말한다는 뜻입니다.
2,속담,소 잃고 ( ) 고친다,외양간,대문,울타리,우물,일이 잘못된 뒤에야 손을 쓴다는 뜻입니다. 외양간은 소를 기르는 곳입니다.
3,속담,낮말은 새가 듣고 밤말은 ( )가 듣는다,쥐,개,고양이,부엉이,아무도 없는 곳에서도 말을 조심해야 한다는 뜻입니다.
4,속담,천 리 길도 한 ( )부터,걸음,계단,고개,마을,아무리 큰일도 작은 시작에서 출발한다는 뜻입니다.
5,속담,백지장도 맞들면 ( ),낫다,무겁다,찢어진다,구겨진다,쉬운 일도 함께 하면 더 쉽다는 뜻입니다.
6,속담,원숭이도 나무에서 ( ),떨어진다,잠잔다,내려온다,논다,아무리 익숙한 사람도 실수할 때가 있다는 뜻입니다.
7,맞춤법,오늘이 몇 월 ( )이지?,며칠,몇일,몇 일,며츨,「며칠」만 표준어입니다. 「몇일」은 쓰지 않습니다.
8,맞춤법,오늘은 ( ) 일이 잘 풀릴 것 같다,왠지,웬지,왼지,웬지는,「왜인지」가 줄어든 말이므로 「왠지」로 적습니다.
9,맞춤법,저녁 먹고 ( )는 내가 할게,설거지,설겆이,설걷이,설거찌,「설거지」가 표준어입니다. 「설겆이」는 옛 표기입니다.
10,맞춤법,회의에서 내 ( )은 기록이다,역활,역할,역확,역활이,「역할」이 맞습니다. 「역활」은 틀린 표기입니다.
11,맞춤법,김치( )가 보글보글 끓는다,찌개,찌게,찌계,찌깨,「찌개」가 맞습니다. 「찌게」는 틀린 표기입니다.
12,맞춤법,( )에 친구를 만났다,오랜만,오랫만,오래만,오랜 만,「오래간만」이 줄어든 말이므로 「오랜만」으로 적습니다.
13,맞춤법,그럼 내일 ( ),봬요,뵈요,뵈여,봬여,「뵈어요」가 줄어든 말이므로 「봬요」로 적습니다.
