회원번호,이름,등급,누적 구매액(원),최근 구매일,안내 수신
H-1001,김영숙,으뜸,1284000,2026-05-21,동의
H-1002,이정희,단골,512000,2026-05-30,동의
H-1003,박순자,새싹,86000,2026-04-11,동의
H-1004,최명수,단골,734000,2026-05-02,동의
H-1005,정미경,으뜸,2105000,2026-06-01,동의
H-1006,강현철,새싹,142000,2026-03-28,동의
H-1007,조은주,단골,398000,2026-05-17,동의
H-1008,윤성호,새싹,59000,2026-02-14,동의
H-1009,장미숙,단골,885000,2026-05-25,동의
H-1010,임동수,단골,446000,2026-04-30,거부
H-1011,한경자,으뜸,1672000,2026-05-29,동의
H-1012,오재석,새싹,213000,2026-05-08,동의
H-1013,서연희,단골,651000,2026-05-19,동의
H-1014,신동훈,새싹,97000,2026-01-22,동의
H-1015,권혜숙,으뜸,1109000,2026-05-27,동의
H-1016,황보람,단골,327000,2026-04-18,동의
H-1017,안정숙,,640000,2026-05-12,동의
H-1018,송기태,새싹,175000,2026-05-03,동의
H-1019,류지은,단골,942000,2026-06-02,동의
H-1020,홍성민,새싹,64000,2026-03-09,동의
H-1021,김영숙,새싹,118000,2026-04-26,동의
H-1022,전미숙,단골,573000,2026-05-15,동의
H-1023,고영수,으뜸,1436000,2026-05-31,동의
H-1024,문희정,새싹,132000,2026-04-07,거부
H-1025,양재호,단골,804000,2026-05-22,동의
H-1026,손경희,새싹,248000,2026-05-10,동의
H-1027,배상철,단골,366000,2026-03-31,동의
H-1028,백은영,으뜸,1917000,2026-06-03,동의
H-1029,허준기,새싹,73000,2026-02-27,동의
H-1030,남기순,단골,698000,2026-05-24,동의
